[2026-09-30 02:38:33.001][DBG][Px23360][Tx16445][Logger] ----------------------------- 
[2026-09-30 02:38:33.001][DBG][Px23360][Tx16445][Logger] MAA Process Start 
[2026-09-30 02:38:33.001][DBG][Px23360][Tx16445][Logger] Version v5.12.3 
[2026-09-30 02:38:33.001][DBG][Px23360][Tx16445][Logger] Built at Aug  1 2026 16:27:16 
[2026-09-30 02:38:33.001][DBG][Px23360][Tx16445][Logger] Windows x64 
[2026-09-30 02:38:33.001][DBG][Px23360][Tx16445][Logger] Working C:/Users/Administrator/Desktop/new/autodori-main 
[2026-09-30 02:38:33.001][DBG][Px23360][Tx16445][Logger] Logging ./debug/maafw.log 
[2026-09-30 02:38:33.001][DBG][Px23360][Tx16445][Logger] ----------------------------- 
[2026-09-30 02:38:33.001][TRC][Px23360][Tx16445][OptionMgr.cpp][L35][MaaNS::GlobalNS::OptionMgr::set_log_dir] | leave, 0ms 
[2026-09-30 02:38:33.001][TRC][Px23360][Tx16445][OptionMgr.cpp][L10][MaaNS::GlobalNS::OptionMgr::set_option] | leave, 1ms 
[2026-09-30 02:38:33.001][TRC][Px23360][Tx16445][MaaFramework.cpp][L371][MaaGlobalSetOption] | leave, 1ms 
[2026-09-30 02:38:33.001][DBG][Px23360][Tx16445][MaaFramework.cpp][L371][MaaGlobalSetOption] [key=2] [value=true] [val_size=1] | enter 
[2026-09-30 02:38:33.001][DBG][Px23360][Tx16445][OptionMgr.cpp][L10][MaaNS::GlobalNS::OptionMgr::set_option] [key=2] [value=true] [val_size=1] | enter 
[2026-09-30 02:38:33.001][DBG][Px23360][Tx16445][OptionMgr.cpp][L49][MaaNS::GlobalNS::OptionMgr::set_save_draw] | enter 
[2026-09-30 02:38:33.001][INF][Px23360][Tx16445][OptionMgr.cpp][L58][MaaNS::GlobalNS::OptionMgr::set_save_draw] Set save draw [save_draw_=false] 
[2026-09-30 02:38:33.001][TRC][Px23360][Tx16445][OptionMgr.cpp][L49][MaaNS::GlobalNS::OptionMgr::set_save_draw] | leave, 0ms 
[2026-09-30 02:38:33.001][TRC][Px23360][Tx16445][OptionMgr.cpp][L10][MaaNS::GlobalNS::OptionMgr::set_option] | leave, 0ms 
[2026-09-30 02:38:33.001][TRC][Px23360][Tx16445][MaaFramework.cpp][L371][MaaGlobalSetOption] | leave, 0ms 
[2026-09-30 02:38:33.001][DBG][Px23360][Tx16445][MaaFramework.cpp][L371][MaaGlobalSetOption] [key=7] [value=true] [val_size=1] | enter 
[2026-09-30 02:38:33.001][DBG][Px23360][Tx16445][OptionMgr.cpp][L10][MaaNS::GlobalNS::OptionMgr::set_option] [key=7] [value=true] [val_size=1] | enter 
[2026-09-30 02:38:33.001][DBG][Px23360][Tx16445][OptionMgr.cpp][L99][MaaNS::GlobalNS::OptionMgr::set_save_on_error] | enter 
[2026-09-30 02:38:33.001][INF][Px23360][Tx16445][OptionMgr.cpp][L108][MaaNS::GlobalNS::OptionMgr::set_save_on_error] Set save on error [save_on_error_=true] 
[2026-09-30 02:38:33.001][TRC][Px23360][Tx16445][OptionMgr.cpp][L99][MaaNS::GlobalNS::OptionMgr::set_save_on_error] | leave, 0ms 
[2026-09-30 02:38:33.001][TRC][Px23360][Tx16445][OptionMgr.cpp][L10][MaaNS::GlobalNS::OptionMgr::set_option] | leave, 0ms 
[2026-09-30 02:38:33.001][TRC][Px23360][Tx16445][MaaFramework.cpp][L371][MaaGlobalSetOption] | leave, 0ms 
[2026-09-30 02:38:33.001][DBG][Px23360][Tx16445][MaaFramework.cpp][L371][MaaGlobalSetOption] [key=4] [value=true] [val_size=4] | enter 
[2026-09-30 02:38:33.001][DBG][Px23360][Tx16445][OptionMgr.cpp][L10][MaaNS::GlobalNS::OptionMgr::set_option] [key=4] [value=true] [val_size=4] | enter 
[2026-09-30 02:38:33.001][DBG][Px23360][Tx16445][OptionMgr.cpp][L65][MaaNS::GlobalNS::OptionMgr::set_stdout_level] | enter 
[2026-09-30 02:38:33.001][INF][Px23360][Tx16445][OptionMgr.cpp][L74][MaaNS::GlobalNS::OptionMgr::set_stdout_level] Set log stdout level [level=2] 
[2026-09-30 02:38:33.001][TRC][Px23360][Tx16445][OptionMgr.cpp][L65][MaaNS::GlobalNS::OptionMgr::set_stdout_level] | leave, 0ms 
[2026-09-30 02:38:33.001][TRC][Px23360][Tx16445][OptionMgr.cpp][L10][MaaNS::GlobalNS::OptionMgr::set_option] | leave, 0ms 
[2026-09-30 02:38:33.001][TRC][Px23360][Tx16445][MaaFramework.cpp][L371][MaaGlobalSetOption] | leave, 0ms 
[2026-09-30 02:38:33.002][DBG][Px23360][Tx16445][MaaFramework.cpp][L371][MaaGlobalSetOption] [key=8] [value=true] [val_size=4] | enter 
[2026-09-30 02:38:33.002][DBG][Px23360][Tx16445][OptionMgr.cpp][L10][MaaNS::GlobalNS::OptionMgr::set_option] [key=8] [value=true] [val_size=4] | enter 
[2026-09-30 02:38:33.002][DBG][Px23360][Tx16445][OptionMgr.cpp][L115][MaaNS::GlobalNS::OptionMgr::set_draw_quality] | enter 
[2026-09-30 02:38:33.002][INF][Px23360][Tx16445][OptionMgr.cpp][L130][MaaNS::GlobalNS::OptionMgr::set_draw_quality] Set draw quality [draw_quality_=85] 
[2026-09-30 02:38:33.002][TRC][Px23360][Tx16445][OptionMgr.cpp][L115][MaaNS::GlobalNS::OptionMgr::set_draw_quality] | leave, 0ms 
[2026-09-30 02:38:33.002][TRC][Px23360][Tx16445][OptionMgr.cpp][L10][MaaNS::GlobalNS::OptionMgr::set_option] | leave, 0ms 
[2026-09-30 02:38:33.002][TRC][Px23360][Tx16445][MaaFramework.cpp][L371][MaaGlobalSetOption] | leave, 0ms 
[2026-09-30 02:38:33.002][DBG][Px23360][Tx16445][GlobalOptionConfig.cpp][L83][MaaNS::ToolkitNS::GlobalOptionConfig::apply_option] [bret=true] 
[2026-09-30 02:38:33.002][TRC][Px23360][Tx16445][GlobalOptionConfig.cpp][L67][MaaNS::ToolkitNS::GlobalOptionConfig::apply_option] | leave, 1ms 
[2026-09-30 02:38:33.002][TRC][Px23360][Tx16445][GlobalOptionConfig.cpp][L17][MaaNS::ToolkitNS::GlobalOptionConfig::init] | leave, 1ms 
[2026-09-30 02:38:33.002][DBG][Px23360][Tx16445][AdbDeviceFinder.cpp][L17][MaaNS::ToolkitNS::AdbDeviceFinder::find] | enter 
[2026-09-30 02:38:33.002][DBG][Px23360][Tx16445][AdbDeviceFinder.cpp][L321][MaaNS::ToolkitNS::AdbDeviceFinder::find_emulators] | enter 
[2026-09-30 02:38:33.006][DBG][Px23360][Tx16445][PlatformWin32.cpp][L196][MaaNS::list_processes] Process size: 316 
[2026-09-30 02:38:33.006][DBG][Px23360][Tx16445][PlatformWin32.cpp][L213][MaaNS::list_processes] Failed to OpenProcess [error=5] [pid=4] 
[2026-09-30 02:38:33.006][DBG][Px23360][Tx16445][PlatformWin32.cpp][L213][MaaNS::list_processes] Failed to OpenProcess [error=5] [pid=104] 
[2026-09-30 02:38:33.006][DBG][Px23360][Tx16445][PlatformWin32.cpp][L213][MaaNS::list_processes] Failed to OpenProcess [error=5] [pid=180] 
[2026-09-30 02:38:33.006][DBG][Px23360][Tx16445][PlatformWin32.cpp][L213][MaaNS::list_processes] Failed to OpenProcess [error=5] [pid=852] 
[2026-09-30 02:38:33.006][DBG][Px23360][Tx16445][PlatformWin32.cpp][L213][MaaNS::list_processes] Failed to OpenProcess [error=5] [pid=940] 
[2026-09-30 02:38:33.006][DBG][Px23360][Tx16445][PlatformWin32.cpp][L213][MaaNS::list_processes] Failed to OpenProcess [error=5] [pid=968] 
[2026-09-30 02:38:33.006][DBG][Px23360][Tx16445][PlatformWin32.cpp][L213][MaaNS::list_processes] Failed to OpenProcess [error=5] [pid=976] 
[2026-09-30 02:38:33.006][DBG][Px23360][Tx16445][PlatformWin32.cpp][L213][MaaNS::list_processes] Failed to OpenProcess [error=5] [pid=1076] 
[2026-09-30 02:38:33.007][DBG][Px23360][Tx16445][PlatformWin32.cpp][L213][MaaNS::list_processes] Failed to OpenProcess [error=5] [pid=1180] 
[2026-09-30 02:38:33.007][DBG][Px23360][Tx16445][PlatformWin32.cpp][L213][MaaNS::list_processes] Failed to OpenProcess [error=5] [pid=1192] 
[2026-09-30 02:38:33.007][DBG][Px23360][Tx16445][PlatformWin32.cpp][L213][MaaNS::list_processes] Failed to OpenProcess [error=5] [pid=1208] 
[2026-09-30 02:38:33.007][DBG][Px23360][Tx16445][PlatformWin32.cpp][L213][MaaNS::list_processes] Failed to OpenProcess [error=5] [pid=1340] 
[2026-09-30 02:38:33.007][DBG][Px23360][Tx16445][PlatformWin32.cpp][L213][MaaNS::list_processes] Failed to OpenProcess [error=5] [pid=1364] 
[2026-09-30 02:38:33.007][DBG][Px23360][Tx16445][PlatformWin32.cpp][L213][MaaNS::list_processes] Failed to OpenProcess [error=5] [pid=1372] 
[2026-09-30 02:38:33.007][DBG][Px23360][Tx16445][PlatformWin32.cpp][L213][MaaNS::list_processes] Failed to OpenProcess [error=5] [pid=1432] 
[2026-09-30 02:38:33.007][DBG][Px23360][Tx16445][PlatformWin32.cpp][L213][MaaNS::list_processes] Failed to OpenProcess [error=5] [pid=1564] 
[2026-09-30 02:38:33.007][DBG][Px23360][Tx16445][PlatformWin32.cpp][L213][MaaNS::list_processes] Failed to OpenProcess [error=5] [pid=1588] 
[2026-09-30 02:38:33.007][DBG][Px23360][Tx16445][PlatformWin32.cpp][L213][MaaNS::list_processes] Failed to OpenProcess [error=5] [pid=1652] 
[2026-09-30 02:38:33.007][DBG][Px23360][Tx16445][PlatformWin32.cpp][L213][MaaNS::list_processes] Failed to OpenProcess [error=5] [pid=1880] 
[2026-09-30 02:38:33.007][DBG][Px23360][Tx16445][PlatformWin32.cpp][L213][MaaNS::list_processes] Failed to OpenProcess [error=5] [pid=1952] 
[2026-09-30 02:38:33.007][DBG][Px23360][Tx16445][PlatformWin32.cpp][L213][MaaNS::list_processes] Failed to OpenProcess [error=5] [pid=2036] 
[2026-09-30 02:38:33.007][DBG][Px23360][Tx16445][PlatformWin32.cpp][L213][MaaNS::list_processes] Failed to OpenProcess [error=5] [pid=2044] 
[2026-09-30 02:38:33.007][DBG][Px23360][Tx16445][PlatformWin32.cpp][L213][MaaNS::list_processes] Failed to OpenProcess [error=5] [pid=1044] 
[2026-09-30 02:38:33.007][DBG][Px23360][Tx16445][PlatformWin32.cpp][L213][MaaNS::list_processes] Failed to OpenProcess [error=5] [pid=928] 
[2026-09-30 02:38:33.007][DBG][Px23360][Tx16445][PlatformWin32.cpp][L213][MaaNS::list_processes] Failed to OpenProcess [error=5] [pid=2092] 
[2026-09-30 02:38:33.007][DBG][Px23360][Tx16445][PlatformWin32.cpp][L213][MaaNS::list_processes] Failed to OpenProcess [error=5] [pid=2144] 
[2026-09-30 02:38:33.007][DBG][Px23360][Tx16445][PlatformWin32.cpp][L213][MaaNS::list_processes] Failed to OpenProcess [error=5] [pid=2156] 
[2026-09-30 02:38:33.007][DBG][Px23360][Tx16445][PlatformWin32.cpp][L213][MaaNS::list_processes] Failed to OpenProcess [error=5] [pid=2164] 
[2026-09-30 02:38:33.007][DBG][Px23360][Tx16445][PlatformWin32.cpp][L213][MaaNS::list_processes] Failed to OpenProcess [error=5] [pid=2172] 
[2026-09-30 02:38:33.007][DBG][Px23360][Tx16445][PlatformWin32.cpp][L213][MaaNS::list_processes] Failed to OpenProcess [error=5] [pid=2312] 
[2026-09-30 02:38:33.007][DBG][Px23360][Tx16445][PlatformWin32.cpp][L213][MaaNS::list_processes] Failed to OpenProcess [error=5] [pid=2320] 
[2026-09-30 02:38:33.007][DBG][Px23360][Tx16445][PlatformWin32.cpp][L213][MaaNS::list_processes] Failed to OpenProcess [error=5] [pid=2328] 
[2026-09-30 02:38:33.007][DBG][Px23360][Tx16445][PlatformWin32.cpp][L213][MaaNS::list_processes] Failed to OpenProcess [error=5] [pid=2400] 
[2026-09-30 02:38:33.007][DBG][Px23360][Tx16445][PlatformWin32.cpp][L213][MaaNS::list_processes] Failed to OpenProcess [error=5] [pid=2412] 
[2026-09-30 02:38:33.007][DBG][Px23360][Tx16445][PlatformWin32.cpp][L213][MaaNS::list_processes] Failed to OpenProcess [error=5] [pid=2428] 
[2026-09-30 02:38:33.007][DBG][Px23360][Tx16445][PlatformWin32.cpp][L213][MaaNS::list_processes] Failed to OpenProcess [error=5] [pid=2568] 
[2026-09-30 02:38:33.007][DBG][Px23360][Tx16445][PlatformWin32.cpp][L213][MaaNS::list_processes] Failed to OpenProcess [error=5] [pid=2804] 
[2026-09-30 02:38:33.007][DBG][Px23360][Tx16445][PlatformWin32.cpp][L213][MaaNS::list_processes] Failed to OpenProcess [error=5] [pid=2872] 
[2026-09-30 02:38:33.007][DBG][Px23360][Tx16445][PlatformWin32.cpp][L213][MaaNS::list_processes] Failed to OpenProcess [error=5] [pid=2884] 
[2026-09-30 02:38:33.007][DBG][Px23360][Tx16445][PlatformWin32.cpp][L213][MaaNS::list_processes] Failed to OpenProcess [error=5] [pid=3004] 
[2026-09-30 02:38:33.007][DBG][Px23360][Tx16445][PlatformWin32.cpp][L213][MaaNS::list_processes] Failed to OpenProcess [error=5] [pid=3012] 
[2026-09-30 02:38:33.007][DBG][Px23360][Tx16445][PlatformWin32.cpp][L213][MaaNS::list_processes] Failed to OpenProcess [error=5] [pid=3048] 
[2026-09-30 02:38:33.007][DBG][Px23360][Tx16445][PlatformWin32.cpp][L213][MaaNS::list_processes] Failed to OpenProcess [error=5] [pid=3240] 
[2026-09-30 02:38:33.007][DBG][Px23360][Tx16445][PlatformWin32.cpp][L213][MaaNS::list_processes] Failed to OpenProcess [error=5] [pid=3252] 
[2026-09-30 02:38:33.007][DBG][Px23360][Tx16445][PlatformWin32.cpp][L213][MaaNS::list_processes] Failed to OpenProcess [error=5] [pid=3260] 
[2026-09-30 02:38:33.007][DBG][Px23360][Tx16445][PlatformWin32.cpp][L213][MaaNS::list_processes] Failed to OpenProcess [error=5] [pid=3352] 
[2026-09-30 02:38:33.007][DBG][Px23360][Tx16445][PlatformWin32.cpp][L213][MaaNS::list_processes] Failed to OpenProcess [error=5] [pid=3404] 
[2026-09-30 02:38:33.007][DBG][Px23360][Tx16445][PlatformWin32.cpp][L213][MaaNS::list_processes] Failed to OpenProcess [error=5] [pid=3444] 
[2026-09-30 02:38:33.007][DBG][Px23360][Tx16445][PlatformWin32.cpp][L213][MaaNS::list_processes] Failed to OpenProcess [error=5] [pid=3788] 
[2026-09-30 02:38:33.007][DBG][Px23360][Tx16445][PlatformWin32.cpp][L213][MaaNS::list_processes] Failed to OpenProcess [error=5] [pid=3852] 
[2026-09-30 02:38:33.007][DBG][Px23360][Tx16445][PlatformWin32.cpp][L213][MaaNS::list_processes] Failed to OpenProcess [error=5] [pid=3968] 
[2026-09-30 02:38:33.007][DBG][Px23360][Tx16445][PlatformWin32.cpp][L213][MaaNS::list_processes] Failed to OpenProcess [error=5] [pid=4024] 
[2026-09-30 02:38:33.007][DBG][Px23360][Tx16445][PlatformWin32.cpp][L213][MaaNS::list_processes] Failed to OpenProcess [error=5] [pid=4032] 
[2026-09-30 02:38:33.007][DBG][Px23360][Tx16445][PlatformWin32.cpp][L213][MaaNS::list_processes] Failed to OpenProcess [error=5] [pid=4040] 
[2026-09-30 02:38:33.007][DBG][Px23360][Tx16445][PlatformWin32.cpp][L213][MaaNS::list_processes] Failed to OpenProcess [error=5] [pid=3956] 
[2026-09-30 02:38:33.007][DBG][Px23360][Tx16445][PlatformWin32.cpp][L213][MaaNS::list_processes] Failed to OpenProcess [error=5] [pid=3952] 
[2026-09-30 02:38:33.007][DBG][Px23360][Tx16445][PlatformWin32.cpp][L213][MaaNS::list_processes] Failed to OpenProcess [error=5] [pid=4112] 
[2026-09-30 02:38:33.007][DBG][Px23360][Tx16445][PlatformWin32.cpp][L213][MaaNS::list_processes] Failed to OpenProcess [error=5] [pid=4164] 
[2026-09-30 02:38:33.007][DBG][Px23360][Tx16445][PlatformWin32.cpp][L213][MaaNS::list_processes] Failed to OpenProcess [error=5] [pid=4176] 
[2026-09-30 02:38:33.007][DBG][Px23360][Tx16445][PlatformWin32.cpp][L213][MaaNS::list_processes] Failed to OpenProcess [error=5] [pid=4192] 
[2026-09-30 02:38:33.007][DBG][Px23360][Tx16445][PlatformWin32.cpp][L213][MaaNS::list_processes] Failed to OpenProcess [error=5] [pid=4200] 
[2026-09-30 02:38:33.007][DBG][Px23360][Tx16445][PlatformWin32.cpp][L213][MaaNS::list_processes] Failed to OpenProcess [error=5] [pid=4208] 
[2026-09-30 02:38:33.007][DBG][Px23360][Tx16445][PlatformWin32.cpp][L213][MaaNS::list_processes] Failed to OpenProcess [error=5] [pid=4216] 
[2026-09-30 02:38:33.007][DBG][Px23360][Tx16445][PlatformWin32.cpp][L213][MaaNS::list_processes] Failed to OpenProcess [error=5] [pid=4224] 
[2026-09-30 02:38:33.007][DBG][Px23360][Tx16445][PlatformWin32.cpp][L213][MaaNS::list_processes] Failed to OpenProcess [error=5] [pid=4412] 
[2026-09-30 02:38:33.007][DBG][Px23360][Tx16445][PlatformWin32.cpp][L213][MaaNS::list_processes] Failed to OpenProcess [error=5] [pid=4476] 
[2026-09-30 02:38:33.007][DBG][Px23360][Tx16445][PlatformWin32.cpp][L213][MaaNS::list_processes] Failed to OpenProcess [error=5] [pid=4612] 
[2026-09-30 02:38:33.007][DBG][Px23360][Tx16445][PlatformWin32.cpp][L213][MaaNS::list_processes] Failed to OpenProcess [error=5] [pid=4968] 
[2026-09-30 02:38:33.007][DBG][Px23360][Tx16445][PlatformWin32.cpp][L213][MaaNS::list_processes] Failed to OpenProcess [error=5] [pid=5096] 
[2026-09-30 02:38:33.007][DBG][Px23360][Tx16445][PlatformWin32.cpp][L213][MaaNS::list_processes] Failed to OpenProcess [error=5] [pid=4272] 
[2026-09-30 02:38:33.007][DBG][Px23360][Tx16445][PlatformWin32.cpp][L213][MaaNS::list_processes] Failed to OpenProcess [error=5] [pid=4736] 
[2026-09-30 02:38:33.007][DBG][Px23360][Tx16445][PlatformWin32.cpp][L213][MaaNS::list_processes] Failed to OpenProcess [error=5] [pid=5252] 
[2026-09-30 02:38:33.007][DBG][Px23360][Tx16445][PlatformWin32.cpp][L213][MaaNS::list_processes] Failed to OpenProcess [error=5] [pid=5528] 
[2026-09-30 02:38:33.007][DBG][Px23360][Tx16445][PlatformWin32.cpp][L213][MaaNS::list_processes] Failed to OpenProcess [error=5] [pid=5672] 
[2026-09-30 02:38:33.007][DBG][Px23360][Tx16445][PlatformWin32.cpp][L213][MaaNS::list_processes] Failed to OpenProcess [error=5] [pid=5696] 
[2026-09-30 02:38:33.007][DBG][Px23360][Tx16445][PlatformWin32.cpp][L213][MaaNS::list_processes] Failed to OpenProcess [error=5] [pid=5864] 
[2026-09-30 02:38:33.007][DBG][Px23360][Tx16445][PlatformWin32.cpp][L213][MaaNS::list_processes] Failed to OpenProcess [error=5] [pid=6072] 
[2026-09-30 02:38:33.007][DBG][Px23360][Tx16445][PlatformWin32.cpp][L213][MaaNS::list_processes] Failed to OpenProcess [error=5] [pid=6080] 
[2026-09-30 02:38:33.007][DBG][Px23360][Tx16445][PlatformWin32.cpp][L213][MaaNS::list_processes] Failed to OpenProcess [error=5] [pid=6164] 
[2026-09-30 02:38:33.007][DBG][Px23360][Tx16445][PlatformWin32.cpp][L213][MaaNS::list_processes] Failed to OpenProcess [error=5] [pid=6376] 
[2026-09-30 02:38:33.007][DBG][Px23360][Tx16445][PlatformWin32.cpp][L213][MaaNS::list_processes] Failed to OpenProcess [error=5] [pid=6384] 
[2026-09-30 02:38:33.007][DBG][Px23360][Tx16445][PlatformWin32.cpp][L213][MaaNS::list_processes] Failed to OpenProcess [error=5] [pid=6436] 
[2026-09-30 02:38:33.007][DBG][Px23360][Tx16445][PlatformWin32.cpp][L213][MaaNS::list_processes] Failed to OpenProcess [error=5] [pid=6628] 
[2026-09-30 02:38:33.007][DBG][Px23360][Tx16445][PlatformWin32.cpp][L213][MaaNS::list_processes] Failed to OpenProcess [error=5] [pid=6876] 
[2026-09-30 02:38:33.007][DBG][Px23360][Tx16445][PlatformWin32.cpp][L213][MaaNS::list_processes] Failed to OpenProcess [error=5] [pid=6972] 
[2026-09-30 02:38:33.007][DBG][Px23360][Tx16445][PlatformWin32.cpp][L213][MaaNS::list_processes] Failed to OpenProcess [error=5] [pid=7028] 
[2026-09-30 02:38:33.007][DBG][Px23360][Tx16445][PlatformWin32.cpp][L213][MaaNS::list_processes] Failed to OpenProcess [error=5] [pid=7040] 
[2026-09-30 02:38:33.007][DBG][Px23360][Tx16445][PlatformWin32.cpp][L213][MaaNS::list_processes] Failed to OpenProcess [error=5] [pid=7112] 
[2026-09-30 02:38:33.007][DBG][Px23360][Tx16445][PlatformWin32.cpp][L213][MaaNS::list_processes] Failed to OpenProcess [error=5] [pid=7212] 
[2026-09-30 02:38:33.007][DBG][Px23360][Tx16445][PlatformWin32.cpp][L213][MaaNS::list_processes] Failed to OpenProcess [error=5] [pid=7224] 
[2026-09-30 02:38:33.007][DBG][Px23360][Tx16445][PlatformWin32.cpp][L213][MaaNS::list_processes] Failed to OpenProcess [error=5] [pid=7232] 
[2026-09-30 02:38:33.007][DBG][Px23360][Tx16445][PlatformWin32.cpp][L213][MaaNS::list_processes] Failed to OpenProcess [error=5] [pid=7240] 
[2026-09-30 02:38:33.007][DBG][Px23360][Tx16445][PlatformWin32.cpp][L213][MaaNS::list_processes] Failed to OpenProcess [error=5] [pid=7248] 
[2026-09-30 02:38:33.007][DBG][Px23360][Tx16445][PlatformWin32.cpp][L213][MaaNS::list_processes] Failed to OpenProcess [error=5] [pid=7256] 
[2026-09-30 02:38:33.007][DBG][Px23360][Tx16445][PlatformWin32.cpp][L213][MaaNS::list_processes] Failed to OpenProcess [error=5] [pid=7272] 
[2026-09-30 02:38:33.007][DBG][Px23360][Tx16445][PlatformWin32.cpp][L213][MaaNS::list_processes] Failed to OpenProcess [error=5] [pid=7288] 
[2026-09-30 02:38:33.007][DBG][Px23360][Tx16445][PlatformWin32.cpp][L213][MaaNS::list_processes] Failed to OpenProcess [error=5] [pid=7296] 
[2026-09-30 02:38:33.007][DBG][Px23360][Tx16445][PlatformWin32.cpp][L213][MaaNS::list_processes] Failed to OpenProcess [error=5] [pid=7312] 
[2026-09-30 02:38:33.007][DBG][Px23360][Tx16445][PlatformWin32.cpp][L213][MaaNS::list_processes] Failed to OpenProcess [error=5] [pid=7320] 
[2026-09-30 02:38:33.007][DBG][Px23360][Tx16445][PlatformWin32.cpp][L213][MaaNS::list_processes] Failed to OpenProcess [error=5] [pid=7328] 
[2026-09-30 02:38:33.007][DBG][Px23360][Tx16445][PlatformWin32.cpp][L213][MaaNS::list_processes] Failed to OpenProcess [error=5] [pid=7360] 
[2026-09-30 02:38:33.007][DBG][Px23360][Tx16445][PlatformWin32.cpp][L213][MaaNS::list_processes] Failed to OpenProcess [error=5] [pid=7396] 
[2026-09-30 02:38:33.007][DBG][Px23360][Tx16445][PlatformWin32.cpp][L213][MaaNS::list_processes] Failed to OpenProcess [error=5] [pid=7424] 
[2026-09-30 02:38:33.007][DBG][Px23360][Tx16445][PlatformWin32.cpp][L213][MaaNS::list_processes] Failed to OpenProcess [error=5] [pid=7444] 
[2026-09-30 02:38:33.007][DBG][Px23360][Tx16445][PlatformWin32.cpp][L213][MaaNS::list_processes] Failed to OpenProcess [error=5] [pid=7464] 
[2026-09-30 02:38:33.007][DBG][Px23360][Tx16445][PlatformWin32.cpp][L213][MaaNS::list_processes] Failed to OpenProcess [error=5] [pid=7472] 
[2026-09-30 02:38:33.007][DBG][Px23360][Tx16445][PlatformWin32.cpp][L213][MaaNS::list_processes] Failed to OpenProcess [error=5] [pid=7488] 
[2026-09-30 02:38:33.007][DBG][Px23360][Tx16445][PlatformWin32.cpp][L213][MaaNS::list_processes] Failed to OpenProcess [error=5] [pid=7540] 
[2026-09-30 02:38:33.007][DBG][Px23360][Tx16445][PlatformWin32.cpp][L213][MaaNS::list_processes] Failed to OpenProcess [error=5] [pid=7556] 
[2026-09-30 02:38:33.007][DBG][Px23360][Tx16445][PlatformWin32.cpp][L213][MaaNS::list_processes] Failed to OpenProcess [error=5] [pid=7576] 
[2026-09-30 02:38:33.007][DBG][Px23360][Tx16445][PlatformWin32.cpp][L213][MaaNS::list_processes] Failed to OpenProcess [error=5] [pid=7584] 
[2026-09-30 02:38:33.008][DBG][Px23360][Tx16445][PlatformWin32.cpp][L213][MaaNS::list_processes] Failed to OpenProcess [error=5] [pid=7668] 
[2026-09-30 02:38:33.008][DBG][Px23360][Tx16445][PlatformWin32.cpp][L213][MaaNS::list_processes] Failed to OpenProcess [error=5] [pid=7724] 
[2026-09-30 02:38:33.008][DBG][Px23360][Tx16445][PlatformWin32.cpp][L213][MaaNS::list_processes] Failed to OpenProcess [error=5] [pid=8264] 
[2026-09-30 02:38:33.008][DBG][Px23360][Tx16445][PlatformWin32.cpp][L213][MaaNS::list_processes] Failed to OpenProcess [error=5] [pid=8396] 
[2026-09-30 02:38:33.008][DBG][Px23360][Tx16445][PlatformWin32.cpp][L213][MaaNS::list_processes] Failed to OpenProcess [error=5] [pid=8484] 
[2026-09-30 02:38:33.008][DBG][Px23360][Tx16445][PlatformWin32.cpp][L213][MaaNS::list_processes] Failed to OpenProcess [error=5] [pid=9260] 
[2026-09-30 02:38:33.008][DBG][Px23360][Tx16445][PlatformWin32.cpp][L213][MaaNS::list_processes] Failed to OpenProcess [error=5] [pid=9412] 
[2026-09-30 02:38:33.008][DBG][Px23360][Tx16445][PlatformWin32.cpp][L213][MaaNS::list_processes] Failed to OpenProcess [error=5] [pid=9848] 
[2026-09-30 02:38:33.008][DBG][Px23360][Tx16445][PlatformWin32.cpp][L213][MaaNS::list_processes] Failed to OpenProcess [error=5] [pid=10172] 
[2026-09-30 02:38:33.008][DBG][Px23360][Tx16445][PlatformWin32.cpp][L213][MaaNS::list_processes] Failed to OpenProcess [error=5] [pid=10984] 
[2026-09-30 02:38:33.008][DBG][Px23360][Tx16445][PlatformWin32.cpp][L213][MaaNS::list_processes] Failed to OpenProcess [error=5] [pid=11416] 
[2026-09-30 02:38:33.008][DBG][Px23360][Tx16445][PlatformWin32.cpp][L213][MaaNS::list_processes] Failed to OpenProcess [error=5] [pid=11564] 
[2026-09-30 02:38:33.008][DBG][Px23360][Tx16445][PlatformWin32.cpp][L213][MaaNS::list_processes] Failed to OpenProcess [error=5] [pid=11708] 
[2026-09-30 02:38:33.008][DBG][Px23360][Tx16445][PlatformWin32.cpp][L213][MaaNS::list_processes] Failed to OpenProcess [error=5] [pid=11800] 
[2026-09-30 02:38:33.008][DBG][Px23360][Tx16445][PlatformWin32.cpp][L213][MaaNS::list_processes] Failed to OpenProcess [error=5] [pid=11984] 
[2026-09-30 02:38:33.009][DBG][Px23360][Tx16445][PlatformWin32.cpp][L213][MaaNS::list_processes] Failed to OpenProcess [error=5] [pid=12588] 
[2026-09-30 02:38:33.009][DBG][Px23360][Tx16445][PlatformWin32.cpp][L213][MaaNS::list_processes] Failed to OpenProcess [error=5] [pid=12636] 
[2026-09-30 02:38:33.009][DBG][Px23360][Tx16445][PlatformWin32.cpp][L213][MaaNS::list_processes] Failed to OpenProcess [error=5] [pid=12688] 
[2026-09-30 02:38:33.009][DBG][Px23360][Tx16445][PlatformWin32.cpp][L213][MaaNS::list_processes] Failed to OpenProcess [error=5] [pid=12760] 
[2026-09-30 02:38:33.009][DBG][Px23360][Tx16445][PlatformWin32.cpp][L213][MaaNS::list_processes] Failed to OpenProcess [error=5] [pid=4920] 
[2026-09-30 02:38:33.010][DBG][Px23360][Tx16445][PlatformWin32.cpp][L213][MaaNS::list_processes] Failed to OpenProcess [error=5] [pid=4796] 
[2026-09-30 02:38:33.010][DBG][Px23360][Tx16445][PlatformWin32.cpp][L213][MaaNS::list_processes] Failed to OpenProcess [error=5] [pid=9420] 
[2026-09-30 02:38:33.010][DBG][Px23360][Tx16445][PlatformWin32.cpp][L213][MaaNS::list_processes] Failed to OpenProcess [error=5] [pid=12428] 
[2026-09-30 02:38:33.010][DBG][Px23360][Tx16445][PlatformWin32.cpp][L213][MaaNS::list_processes] Failed to OpenProcess [error=5] [pid=11928] 
[2026-09-30 02:38:33.010][DBG][Px23360][Tx16445][PlatformWin32.cpp][L213][MaaNS::list_processes] Failed to OpenProcess [error=5] [pid=8544] 
[2026-09-30 02:38:33.010][DBG][Px23360][Tx16445][PlatformWin32.cpp][L213][MaaNS::list_processes] Failed to OpenProcess [error=5] [pid=12392] 
[2026-09-30 02:38:33.011][DBG][Px23360][Tx16445][PlatformWin32.cpp][L213][MaaNS::list_processes] Failed to OpenProcess [error=5] [pid=13384] 
[2026-09-30 02:38:33.011][DBG][Px23360][Tx16445][PlatformWin32.cpp][L213][MaaNS::list_processes] Failed to OpenProcess [error=5] [pid=13588] 
[2026-09-30 02:38:33.011][DBG][Px23360][Tx16445][PlatformWin32.cpp][L213][MaaNS::list_processes] Failed to OpenProcess [error=5] [pid=14012] 
[2026-09-30 02:38:33.011][DBG][Px23360][Tx16445][PlatformWin32.cpp][L213][MaaNS::list_processes] Failed to OpenProcess [error=5] [pid=14212] 
[2026-09-30 02:38:33.012][DBG][Px23360][Tx16445][PlatformWin32.cpp][L213][MaaNS::list_processes] Failed to OpenProcess [error=5] [pid=14296] 
[2026-09-30 02:38:33.012][DBG][Px23360][Tx16445][PlatformWin32.cpp][L213][MaaNS::list_processes] Failed to OpenProcess [error=5] [pid=13456] 
[2026-09-30 02:38:33.012][DBG][Px23360][Tx16445][PlatformWin32.cpp][L213][MaaNS::list_processes] Failed to OpenProcess [error=5] [pid=13420] 
[2026-09-30 02:38:33.012][DBG][Px23360][Tx16445][PlatformWin32.cpp][L213][MaaNS::list_processes] Failed to OpenProcess [error=5] [pid=14420] 
[2026-09-30 02:38:33.012][DBG][Px23360][Tx16445][PlatformWin32.cpp][L213][MaaNS::list_processes] Failed to OpenProcess [error=5] [pid=14428] 
[2026-09-30 02:38:33.012][DBG][Px23360][Tx16445][PlatformWin32.cpp][L213][MaaNS::list_processes] Failed to OpenProcess [error=5] [pid=15008] 
[2026-09-30 02:38:33.012][DBG][Px23360][Tx16445][PlatformWin32.cpp][L213][MaaNS::list_processes] Failed to OpenProcess [error=5] [pid=15032] 
[2026-09-30 02:38:33.012][DBG][Px23360][Tx16445][PlatformWin32.cpp][L213][MaaNS::list_processes] Failed to OpenProcess [error=5] [pid=9840] 
[2026-09-30 02:38:33.012][DBG][Px23360][Tx16445][PlatformWin32.cpp][L213][MaaNS::list_processes] Failed to OpenProcess [error=5] [pid=10336] 
[2026-09-30 02:38:33.012][DBG][Px23360][Tx16445][PlatformWin32.cpp][L213][MaaNS::list_processes] Failed to OpenProcess [error=5] [pid=16100] 
[2026-09-30 02:38:33.016][DBG][Px23360][Tx16445][PlatformWin32.cpp][L213][MaaNS::list_processes] Failed to OpenProcess [error=5] [pid=17508] 
[2026-09-30 02:38:33.017][DBG][Px23360][Tx16445][PlatformWin32.cpp][L213][MaaNS::list_processes] Failed to OpenProcess [error=5] [pid=17796] 
[2026-09-30 02:38:33.017][DBG][Px23360][Tx16445][PlatformWin32.cpp][L213][MaaNS::list_processes] Failed to OpenProcess [error=5] [pid=17840] 
[2026-09-30 02:38:33.017][DBG][Px23360][Tx16445][PlatformWin32.cpp][L213][MaaNS::list_processes] Failed to OpenProcess [error=5] [pid=17588] 
[2026-09-30 02:38:33.017][DBG][Px23360][Tx16445][PlatformWin32.cpp][L213][MaaNS::list_processes] Failed to OpenProcess [error=5] [pid=20944] 
[2026-09-30 02:38:33.017][DBG][Px23360][Tx16445][PlatformWin32.cpp][L213][MaaNS::list_processes] Failed to OpenProcess [error=5] [pid=21144] 
[2026-09-30 02:38:33.017][DBG][Px23360][Tx16445][PlatformWin32.cpp][L213][MaaNS::list_processes] Failed to OpenProcess [error=5] [pid=21340] 
[2026-09-30 02:38:33.018][DBG][Px23360][Tx16445][PlatformWin32.cpp][L213][MaaNS::list_processes] Failed to OpenProcess [error=5] [pid=21484] 
[2026-09-30 02:38:33.026][DBG][Px23360][Tx16445][PlatformWin32.cpp][L213][MaaNS::list_processes] Failed to OpenProcess [error=5] [pid=11092] 
[2026-09-30 02:38:33.026][DBG][Px23360][Tx16445][PlatformWin32.cpp][L213][MaaNS::list_processes] Failed to OpenProcess [error=5] [pid=11136] 
[2026-09-30 02:38:33.026][DBG][Px23360][Tx16445][PlatformWin32.cpp][L213][MaaNS::list_processes] Failed to OpenProcess [error=5] [pid=21132] 
[2026-09-30 02:38:33.026][DBG][Px23360][Tx16445][PlatformWin32.cpp][L213][MaaNS::list_processes] Failed to OpenProcess [error=5] [pid=1136] 
[2026-09-30 02:38:33.026][DBG][Px23360][Tx16445][PlatformWin32.cpp][L213][MaaNS::list_processes] Failed to OpenProcess [error=5] [pid=8028] 
[2026-09-30 02:38:33.030][DBG][Px23360][Tx16445][PlatformWin32.cpp][L213][MaaNS::list_processes] Failed to OpenProcess [error=5] [pid=16284] 
[2026-09-30 02:38:33.030][DBG][Px23360][Tx16445][PlatformWin32.cpp][L213][MaaNS::list_processes] Failed to OpenProcess [error=5] [pid=24408] 
[2026-09-30 02:38:33.030][DBG][Px23360][Tx16445][PlatformWin32.cpp][L213][MaaNS::list_processes] Failed to OpenProcess [error=5] [pid=4592] 
[2026-09-30 02:38:33.032][DBG][Px23360][Tx16445][PlatformWin32.cpp][L213][MaaNS::list_processes] Failed to OpenProcess [error=5] [pid=18188] 
[2026-09-30 02:38:33.032][DBG][Px23360][Tx16445][PlatformWin32.cpp][L213][MaaNS::list_processes] Failed to OpenProcess [error=5] [pid=24632] 
[2026-09-30 02:38:33.032][DBG][Px23360][Tx16445][PlatformWin32.cpp][L213][MaaNS::list_processes] Failed to OpenProcess [error=5] [pid=13108] 
[2026-09-30 02:38:33.032][DBG][Px23360][Tx16445][PlatformWin32.cpp][L213][MaaNS::list_processes] Failed to OpenProcess [error=5] [pid=5376] 
[2026-09-30 02:38:33.032][DBG][Px23360][Tx16445][PlatformWin32.cpp][L213][MaaNS::list_processes] Failed to OpenProcess [error=5] [pid=26216] 
[2026-09-30 02:38:33.033][DBG][Px23360][Tx16445][PlatformWin32.cpp][L213][MaaNS::list_processes] Failed to OpenProcess [error=5] [pid=20940] 
[2026-09-30 02:38:33.033][DBG][Px23360][Tx16445][AdbDeviceWin32Finder.cpp][L366][MaaNS::ToolkitNS::AdbDeviceWin32Finder::find_extra_emulators] | enter 
[2026-09-30 02:38:33.033][TRC][Px23360][Tx16445][AdbDeviceWin32Finder.cpp][L366][MaaNS::ToolkitNS::AdbDeviceWin32Finder::find_extra_emulators] | leave, 0ms 
[2026-09-30 02:38:33.033][INF][Px23360][Tx16445][AdbDeviceFinder.cpp][L377][MaaNS::ToolkitNS::AdbDeviceFinder::find_emulators] [result=[{"adb_path":"C:/Program Files/Netease/MuMu/nx_main/adb.exe","name":"MuMuPlayer v5+","process_path":"C:/Program Files/Netease/MuMu/nx_device/12.0/shell/MuMuNxDevice.exe"}]] 
[2026-09-30 02:38:33.033][TRC][Px23360][Tx16445][AdbDeviceFinder.cpp][L321][MaaNS::ToolkitNS::AdbDeviceFinder::find_emulators] | leave, 30ms 
[2026-09-30 02:38:33.033][DBG][Px23360][Tx16445][AdbDeviceWin32Finder.cpp][L67][MaaNS::ToolkitNS::AdbDeviceWin32Finder::find_by_emulator_tool] [emulator.name=MuMuPlayer v5+] | enter 
[2026-09-30 02:38:33.033][DBG][Px23360][Tx16445][AdbDeviceWin32Finder.cpp][L131][MaaNS::ToolkitNS::AdbDeviceWin32Finder::find_mumu_devices] [emulator.name=MuMuPlayer v5+] | enter 
[2026-09-30 02:38:33.046][DBG][Px23360][Tx16445][ChildPipeIOStream.cpp][L84][MaaNS::ChildPipeIOStream::ChildPipeIOStream] [exec_=C:/Program Files/Netease/MuMu/nx_main/MuMuManager.exe] [args_=["info","--vmindex","all"]] [child_.id()=3328] 
[2026-09-30 02:38:33.254][DBG][Px23360][Tx16445][AdbDeviceWin32Finder.cpp][L147][MaaNS::ToolkitNS::AdbDeviceWin32Finder::find_mumu_devices] [mumu_mgr_path=C:/Program Files/Netease/MuMu/nx_main/MuMuManager.exe] [mumu_mgr_args=["info","--vmindex","all"]] [output={
  "0": {
    "adb_host_ip": "127.0.0.1",
    "adb_port": 16384,
    "android_version": "12.0",
    "created_timestamp": 1789577879415487,
    "disk_size_bytes": 10916807374,
    "error_code": 0,
    "hyperv_enabled": true,
    "index": "0",
    "info_source": "rpc",
    "is_android_started": true,
    "is_main": false,
    "is_process_started": true,
    "launch_err_code": 0,
    "launch_err_msg": "",
    "launch_time": 13239138,
    "main_wnd": "00040962",
    "name": "MuMu安卓设备",
    "pid": 19528,
    "player_state": "start_finished",
    "render_wnd": "0029098A",
    "vt_enabled": true
  }
}
] 
[2026-09-30 02:38:33.266][DBG][Px23360][Tx16445][ChildPipeIOStream.cpp][L84][MaaNS::ChildPipeIOStream::ChildPipeIOStream] [exec_=C:/Program Files/Netease/MuMu/nx_main/MuMuManager.exe] [args_=["version"]] [child_.id()=2284] 
[2026-09-30 02:38:33.451][DBG][Px23360][Tx16445][AdbDeviceWin32Finder.cpp][L87][MaaNS::ToolkitNS::`anonymous-namespace'::mumu_supports_extras_input] [mumu_mgr_path=C:/Program Files/Netease/MuMu/nx_main/MuMuManager.exe] [version_args=["version"]] [output={
  "version": "6.6.4.0"
}
] 
[2026-09-30 02:38:33.451][INF][Px23360][Tx16445][AdbDeviceWin32Finder.cpp][L223][MaaNS::ToolkitNS::AdbDeviceWin32Finder::find_mumu_devices] MuMuManager supports extras input [extras_input=true] 
[2026-09-30 02:38:33.452][INF][Px23360][Tx16445][AdbDeviceWin32Finder.cpp][L270][MaaNS::ToolkitNS::AdbDeviceWin32Finder::find_mumu_devices] MuMu device [device={"adb_path":"C:/Program Files/Netease/MuMu/nx_main/adb.exe","config":{"extras":{"mumu":{"enable":true,"index":0,"path":"C:/Program Files/Netease/MuMu"}}},"input_methods":18446744073709551615,"name":"MuMu安卓设备-MuMuPlayer v5+","screencap_methods":64,"serial":"127.0.0.1:16384"}] 
[2026-09-30 02:38:33.452][TRC][Px23360][Tx16445][AdbDeviceWin32Finder.cpp][L131][MaaNS::ToolkitNS::AdbDeviceWin32Finder::find_mumu_devices] | leave, 418ms 
[2026-09-30 02:38:33.452][TRC][Px23360][Tx16445][AdbDeviceWin32Finder.cpp][L67][MaaNS::ToolkitNS::AdbDeviceWin32Finder::find_by_emulator_tool] | leave, 418ms 
[2026-09-30 02:38:33.463][INF][Px23360][Tx16445][AdbDeviceFinder.cpp][L58][MaaNS::ToolkitNS::AdbDeviceFinder::find] [result=[{"adb_path":"C:/Program Files/Netease/MuMu/nx_main/adb.exe","config":{"extras":{"mumu":{"enable":true,"index":0,"path":"C:/Program Files/Netease/MuMu"}}},"input_methods":18446744073709551615,"name":"MuMu安卓设备-MuMuPlayer v5+","screencap_methods":64,"serial":"127.0.0.1:16384"}]] 
[2026-09-30 02:38:33.463][TRC][Px23360][Tx16445][AdbDeviceFinder.cpp][L17][MaaNS::ToolkitNS::AdbDeviceFinder::find] | leave, 461ms 
[2026-09-30 02:38:33.464][DBG][Px23360][Tx16445][MaaFramework.cpp][L20][MaaAdbControllerCreate] [adb_path=C:\Program Files\Netease\MuMu\nx_main\adb.exe] [address=127.0.0.1:16384] [screencap_methods=64] [input_methods=18446744073709551615] [config={"extras": {"mumu": {"enable": true, "index": 0, "path": "C:/Program Files/Netease/MuMu"}}}] [agent_path=C:\Users\Administrator\AppData\Roaming\Python\Python313\site-packages\maa\../MaaAgentBinary] | enter 
[2026-09-30 02:38:33.464][DBG][Px23360][Tx16445][MaaUtils/LibraryHolder.h][L49][MaaNS::LibraryHolder<class MaaNS::AdbControlUnitLibraryHolder>::load_library] [libname=C:/Users/Administrator/AppData/Roaming/Python/Python313/site-packages/maa/bin/MaaAdbControlUnit] | enter 
[2026-09-30 02:38:33.464][INF][Px23360][Tx16445][MaaUtils/LibraryHolder.h][L65][MaaNS::LibraryHolder<class MaaNS::AdbControlUnitLibraryHolder>::load_library] Loading library [libname=C:/Users/Administrator/AppData/Roaming/Python/Python313/site-packages/maa/bin/MaaAdbControlUnit] 
[2026-09-30 02:38:33.468][TRC][Px23360][Tx16445][MaaUtils/LibraryHolder.h][L49][MaaNS::LibraryHolder<class MaaNS::AdbControlUnitLibraryHolder>::load_library] | leave, 3ms 
[2026-09-30 02:38:33.468][DBG][Px23360][Tx16445][MaaUtils/LibraryHolder.h][L113][MaaNS::LibraryHolder<class MaaNS::AdbControlUnitLibraryHolder>::get_function] [func_name=MaaAdbControlUnitGetVersion] | enter 
[2026-09-30 02:38:33.468][TRC][Px23360][Tx16445][MaaUtils/LibraryHolder.h][L113][MaaNS::LibraryHolder<class MaaNS::AdbControlUnitLibraryHolder>::get_function] | leave, 0ms 
[2026-09-30 02:38:33.468][INF][Px23360][Tx16445][ControlUnit.cpp][L31][MaaNS::check_version] class MaaNS::AdbControlUnitLibraryHolder Library version: v5.12.3 
[2026-09-30 02:38:33.469][DBG][Px23360][Tx16445][MaaUtils/LibraryHolder.h][L113][MaaNS::LibraryHolder<class MaaNS::AdbControlUnitLibraryHolder>::get_function] [func_name=MaaAdbControlUnitCreate] | enter 
[2026-09-30 02:38:33.469][TRC][Px23360][Tx16445][MaaUtils/LibraryHolder.h][L113][MaaNS::LibraryHolder<class MaaNS::AdbControlUnitLibraryHolder>::get_function] | leave, 0ms 
[2026-09-30 02:38:33.469][DBG][Px23360][Tx16445][MaaUtils/LibraryHolder.h][L113][MaaNS::LibraryHolder<class MaaNS::AdbControlUnitLibraryHolder>::get_function] [func_name=MaaAdbControlUnitDestroy] | enter 
[2026-09-30 02:38:33.469][TRC][Px23360][Tx16445][MaaUtils/LibraryHolder.h][L113][MaaNS::LibraryHolder<class MaaNS::AdbControlUnitLibraryHolder>::get_function] | leave, 0ms 
[2026-09-30 02:38:33.470][DBG][Px23360][Tx16445][AdbControlUnitAPI.cpp][L28][MaaAdbControlUnitCreate] [adb_path=C:\Program Files\Netease\MuMu\nx_main\adb.exe] [adb_serial=127.0.0.1:16384] [screencap_methods=64] [input_methods=18446744073709551615] [config={"extras": {"mumu": {"enable": true, "index": 0, "path": "C:/Program Files/Netease/MuMu"}}}] [agent_path=C:\Users\Administrator\AppData\Roaming\Python\Python313\site-packages\maa\../MaaAgentBinary] | enter 
[2026-09-30 02:38:33.471][TRC][Px23360][Tx16445][AdbControlUnitAPI.cpp][L28][MaaAdbControlUnitCreate] | leave, 1ms 
[2026-09-30 02:38:33.471][DBG][Px23360][Tx16445][ControllerAgent.cpp][L15][MaaNS::ControllerNS::ControllerAgent::ControllerAgent] [control_unit_=000001A17C86E640] | enter 
[2026-09-30 02:38:33.471][INF][Px23360][Tx16445][ControllerAgent.cpp][L18][MaaNS::ControllerNS::ControllerAgent::ControllerAgent] [plugin_mgr.get_names()=["C:/Users/Administrator/AppData/Roaming/Python/Python313/site-packages/maa/bin/plugins/MaaPluginDemo.dll"]] 
[2026-09-30 02:38:33.471][INF][Px23360][Tx16445][Utils/EventDispatcher.hpp][L37][MaaNS::EventDispatcher::add_sink] [callback=true] [trans_arg=true] 
[2026-09-30 02:38:33.471][TRC][Px23360][Tx16445][ControllerAgent.cpp][L15][MaaNS::ControllerNS::ControllerAgent::ControllerAgent] | leave, 0ms 
[2026-09-30 02:38:33.471][TRC][Px23360][Tx16445][MaaFramework.cpp][L20][MaaAdbControllerCreate] | leave, 7ms 
[2026-09-30 02:38:33.472][DBG][Px23360][Tx16445][MaaController.cpp][L59][MaaControllerPostConnection] [ctrl=true] | enter 
[2026-09-30 02:38:33.472][TRC][Px23360][Tx16445][MaaController.cpp][L59][MaaControllerPostConnection] | leave, 0ms 
[2026-09-30 02:38:33.472][DBG][Px23360][Tx57829][DeviceInfo.cpp][L27][MaaNS::CtrlUnitNs::DeviceInfo::request_uuid] | enter 
[2026-09-30 02:38:33.500][DBG][Px23360][Tx57829][ChildPipeIOStream.cpp][L84][MaaNS::ChildPipeIOStream::ChildPipeIOStream] [exec_=C:/Program Files/Netease/MuMu/nx_main/adb.exe] [args_=["-s","127.0.0.1:16384","shell","settings get secure android_id"]] [child_.id()=12136] 
[2026-09-30 02:38:33.548][DBG][Px23360][Tx57829][UnitBase.cpp][L58][MaaNS::CtrlUnitNs::UnitBase::startup_and_read_pipe] [output.size()=18] [duration=74ms] 
[2026-09-30 02:38:33.548][DBG][Px23360][Tx57829][UnitBase.cpp][L60][MaaNS::CtrlUnitNs::UnitBase::startup_and_read_pipe] output:
10853ef7baa5698a


[2026-09-30 02:38:33.548][TRC][Px23360][Tx57829][DeviceInfo.cpp][L27][MaaNS::CtrlUnitNs::DeviceInfo::request_uuid] | leave, 76ms 
[2026-09-30 02:38:33.548][DBG][Px23360][Tx57829][Connection.cpp][L48][MaaNS::CtrlUnitNs::Connection::connect] | enter 
[2026-09-30 02:38:33.572][DBG][Px23360][Tx57829][ChildPipeIOStream.cpp][L84][MaaNS::ChildPipeIOStream::ChildPipeIOStream] [exec_=C:/Program Files/Netease/MuMu/nx_main/adb.exe] [args_=["connect","127.0.0.1:16384"]] [child_.id()=17152] 
[2026-09-30 02:38:33.601][DBG][Px23360][Tx57829][UnitBase.cpp][L58][MaaNS::CtrlUnitNs::UnitBase::startup_and_read_pipe] [output.size()=38] [duration=52ms] 
[2026-09-30 02:38:33.601][DBG][Px23360][Tx57829][UnitBase.cpp][L60][MaaNS::CtrlUnitNs::UnitBase::startup_and_read_pipe] output:
already connected to 127.0.0.1:16384


[2026-09-30 02:38:33.601][INF][Px23360][Tx57829][Connection.cpp][L120][MaaNS::CtrlUnitNs::Connection::connect_remote] connected 
[2026-09-30 02:38:33.601][DBG][Px23360][Tx57829][Connection.cpp][L83][MaaNS::CtrlUnitNs::Connection::test_connection] | enter 
[2026-09-30 02:38:33.624][DBG][Px23360][Tx57829][ChildPipeIOStream.cpp][L84][MaaNS::ChildPipeIOStream::ChildPipeIOStream] [exec_=C:/Program Files/Netease/MuMu/nx_main/adb.exe] [args_=["-s","127.0.0.1:16384","get-state"]] [child_.id()=14460] 
[2026-09-30 02:38:33.659][DBG][Px23360][Tx57829][UnitBase.cpp][L58][MaaNS::CtrlUnitNs::UnitBase::startup_and_read_pipe] [output.size()=8] [duration=57ms] 
[2026-09-30 02:38:33.659][DBG][Px23360][Tx57829][UnitBase.cpp][L60][MaaNS::CtrlUnitNs::UnitBase::startup_and_read_pipe] output:
device


[2026-09-30 02:38:33.659][TRC][Px23360][Tx57829][Connection.cpp][L83][MaaNS::CtrlUnitNs::Connection::test_connection] | leave, 57ms 
[2026-09-30 02:38:33.659][DBG][Px23360][Tx57829][Connection.cpp][L126][MaaNS::CtrlUnitNs::Connection::start_monitor] | enter 
[2026-09-30 02:38:33.683][DBG][Px23360][Tx57829][ChildPipeIOStream.cpp][L84][MaaNS::ChildPipeIOStream::ChildPipeIOStream] [exec_=C:/Program Files/Netease/MuMu/nx_main/adb.exe] [args_=["-s","127.0.0.1:16384","shell","cat"]] [child_.id()=24796] 
[2026-09-30 02:38:33.683][INF][Px23360][Tx57829][Connection.cpp][L138][MaaNS::CtrlUnitNs::Connection::start_monitor] monitor started 
[2026-09-30 02:38:33.683][TRC][Px23360][Tx57829][Connection.cpp][L126][MaaNS::CtrlUnitNs::Connection::start_monitor] | leave, 24ms 
[2026-09-30 02:38:33.683][TRC][Px23360][Tx57829][Connection.cpp][L48][MaaNS::CtrlUnitNs::Connection::connect] | leave, 134ms 
[2026-09-30 02:38:33.684][INF][Px23360][Tx57829][ScreencapAgent.cpp][L56][MaaNS::CtrlUnitNs::ScreencapAgent::ScreencapAgent] [methods=64] [method_set=["MuMuPlayerExtras","LDPlayerExtras","AndrowsExtras","AVDExtras"]] [agent_path=C:/Users/Administrator/AppData/Roaming/Python/Python313/site-packages/maa/../MaaAgentBinary] 
[2026-09-30 02:38:33.685][DBG][Px23360][Tx57829][MuMuPlayerExtras.cpp][L538][MaaNS::CtrlUnitNs::MuMuPlayerExtras::set_app_package] [package=] [cloned_index=0] 
[2026-09-30 02:38:33.685][INF][Px23360][Tx57829][MuMuPlayerExtras.cpp][L53][MaaNS::CtrlUnitNs::MuMuPlayerExtras::parse] [mumu_path_=C:/Program Files/Netease/MuMu] [lib_path_=C:/Program Files/Netease/MuMu/nx_main/sdk/external_renderer_ipc.dll] [mumu_index_=0] 
[2026-09-30 02:38:33.685][INF][Px23360][Tx57829][LDPlayerExtras.cpp][L21][MaaNS::CtrlUnitNs::LDPlayerExtras::parse] extras.ld.enable is false, ignore 
[2026-09-30 02:38:33.685][WRN][Px23360][Tx57829][ScreencapAgent.cpp][L132][MaaNS::CtrlUnitNs::ScreencapAgent::parse] failed to parse LDPlayerExtras 
[2026-09-30 02:38:33.685][INF][Px23360][Tx57829][AndrowsExtras.cpp][L39][MaaNS::CtrlUnitNs::AndrowsExtras::parse] extras.androws.enable is false, ignore 
[2026-09-30 02:38:33.685][WRN][Px23360][Tx57829][ScreencapAgent.cpp][L132][MaaNS::CtrlUnitNs::ScreencapAgent::parse] failed to parse AndrowsExtras 
[2026-09-30 02:38:33.685][INF][Px23360][Tx57829][AVDExtras.cpp][L33][MaaNS::CtrlUnitNs::AVDExtras::parse] extras.avd.enable is false, ignore 
[2026-09-30 02:38:33.685][WRN][Px23360][Tx57829][ScreencapAgent.cpp][L132][MaaNS::CtrlUnitNs::ScreencapAgent::parse] failed to parse AVDExtras 
[2026-09-30 02:38:33.685][DBG][Px23360][Tx57829][ScreencapAgent.cpp][L142][MaaNS::CtrlUnitNs::ScreencapAgent::init] | enter 
[2026-09-30 02:38:33.685][DBG][Px23360][Tx57829][MaaUtils/LibraryHolder.h][L49][MaaNS::LibraryHolder<class MaaNS::CtrlUnitNs::MuMuPlayerExtras>::load_library] [libname=C:/Program Files/Netease/MuMu/nx_main/sdk/external_renderer_ipc.dll] | enter 
[2026-09-30 02:38:33.685][INF][Px23360][Tx57829][MaaUtils/LibraryHolder.h][L65][MaaNS::LibraryHolder<class MaaNS::CtrlUnitNs::MuMuPlayerExtras>::load_library] Loading library [libname=C:/Program Files/Netease/MuMu/nx_main/sdk/external_renderer_ipc.dll] 
[2026-09-30 02:38:33.688][TRC][Px23360][Tx57829][MaaUtils/LibraryHolder.h][L49][MaaNS::LibraryHolder<class MaaNS::CtrlUnitNs::MuMuPlayerExtras>::load_library] | leave, 3ms 
[2026-09-30 02:38:33.688][DBG][Px23360][Tx57829][MaaUtils/LibraryHolder.h][L113][MaaNS::LibraryHolder<class MaaNS::CtrlUnitNs::MuMuPlayerExtras>::get_function] [func_name=nemu_connect] | enter 
[2026-09-30 02:38:33.688][TRC][Px23360][Tx57829][MaaUtils/LibraryHolder.h][L113][MaaNS::LibraryHolder<class MaaNS::CtrlUnitNs::MuMuPlayerExtras>::get_function] | leave, 0ms 
[2026-09-30 02:38:33.688][DBG][Px23360][Tx57829][MaaUtils/LibraryHolder.h][L113][MaaNS::LibraryHolder<class MaaNS::CtrlUnitNs::MuMuPlayerExtras>::get_function] [func_name=nemu_disconnect] | enter 
[2026-09-30 02:38:33.688][TRC][Px23360][Tx57829][MaaUtils/LibraryHolder.h][L113][MaaNS::LibraryHolder<class MaaNS::CtrlUnitNs::MuMuPlayerExtras>::get_function] | leave, 0ms 
[2026-09-30 02:38:33.688][DBG][Px23360][Tx57829][MaaUtils/LibraryHolder.h][L113][MaaNS::LibraryHolder<class MaaNS::CtrlUnitNs::MuMuPlayerExtras>::get_function] [func_name=nemu_capture_display] | enter 
[2026-09-30 02:38:33.688][TRC][Px23360][Tx57829][MaaUtils/LibraryHolder.h][L113][MaaNS::LibraryHolder<class MaaNS::CtrlUnitNs::MuMuPlayerExtras>::get_function] | leave, 0ms 
[2026-09-30 02:38:33.688][DBG][Px23360][Tx57829][MaaUtils/LibraryHolder.h][L113][MaaNS::LibraryHolder<class MaaNS::CtrlUnitNs::MuMuPlayerExtras>::get_function] [func_name=nemu_input_text] | enter 
[2026-09-30 02:38:33.688][TRC][Px23360][Tx57829][MaaUtils/LibraryHolder.h][L113][MaaNS::LibraryHolder<class MaaNS::CtrlUnitNs::MuMuPlayerExtras>::get_function] | leave, 0ms 
[2026-09-30 02:38:33.688][DBG][Px23360][Tx57829][MaaUtils/LibraryHolder.h][L113][MaaNS::LibraryHolder<class MaaNS::CtrlUnitNs::MuMuPlayerExtras>::get_function] [func_name=nemu_input_event_finger_touch_down] | enter 
[2026-09-30 02:38:33.688][TRC][Px23360][Tx57829][MaaUtils/LibraryHolder.h][L113][MaaNS::LibraryHolder<class MaaNS::CtrlUnitNs::MuMuPlayerExtras>::get_function] | leave, 0ms 
[2026-09-30 02:38:33.688][DBG][Px23360][Tx57829][MaaUtils/LibraryHolder.h][L113][MaaNS::LibraryHolder<class MaaNS::CtrlUnitNs::MuMuPlayerExtras>::get_function] [func_name=nemu_input_event_finger_touch_up] | enter 
[2026-09-30 02:38:33.688][TRC][Px23360][Tx57829][MaaUtils/LibraryHolder.h][L113][MaaNS::LibraryHolder<class MaaNS::CtrlUnitNs::MuMuPlayerExtras>::get_function] | leave, 0ms 
[2026-09-30 02:38:33.688][DBG][Px23360][Tx57829][MaaUtils/LibraryHolder.h][L113][MaaNS::LibraryHolder<class MaaNS::CtrlUnitNs::MuMuPlayerExtras>::get_function] [func_name=nemu_input_event_key_down] | enter 
[2026-09-30 02:38:33.688][TRC][Px23360][Tx57829][MaaUtils/LibraryHolder.h][L113][MaaNS::LibraryHolder<class MaaNS::CtrlUnitNs::MuMuPlayerExtras>::get_function] | leave, 0ms 
[2026-09-30 02:38:33.688][DBG][Px23360][Tx57829][MaaUtils/LibraryHolder.h][L113][MaaNS::LibraryHolder<class MaaNS::CtrlUnitNs::MuMuPlayerExtras>::get_function] [func_name=nemu_input_event_key_up] | enter 
[2026-09-30 02:38:33.688][TRC][Px23360][Tx57829][MaaUtils/LibraryHolder.h][L113][MaaNS::LibraryHolder<class MaaNS::CtrlUnitNs::MuMuPlayerExtras>::get_function] | leave, 0ms 
[2026-09-30 02:38:33.688][DBG][Px23360][Tx57829][MaaUtils/LibraryHolder.h][L113][MaaNS::LibraryHolder<class MaaNS::CtrlUnitNs::MuMuPlayerExtras>::get_function] [func_name=nemu_get_display_id] | enter 
[2026-09-30 02:38:33.688][TRC][Px23360][Tx57829][MaaUtils/LibraryHolder.h][L113][MaaNS::LibraryHolder<class MaaNS::CtrlUnitNs::MuMuPlayerExtras>::get_function] | leave, 0ms 
[2026-09-30 02:38:33.688][DBG][Px23360][Tx57829][MuMuPlayerExtras.cpp][L462][MaaNS::CtrlUnitNs::MuMuPlayerExtras::connect_mumu] [mumu_path_=C:/Program Files/Netease/MuMu] [mumu_index_=0] | enter 
[2026-09-30 02:38:33.691][TRC][Px23360][Tx57829][MuMuPlayerExtras.cpp][L462][MaaNS::CtrlUnitNs::MuMuPlayerExtras::connect_mumu] | leave, 2ms 
[2026-09-30 02:38:33.691][INF][Px23360][Tx57829][MuMuPlayerExtras.cpp][L570][MaaNS::CtrlUnitNs::MuMuPlayerExtras::get_display_id] [display_id=0] 
[2026-09-30 02:38:33.692][DBG][Px23360][Tx57829][MuMuPlayerExtras.cpp][L508][MaaNS::CtrlUnitNs::MuMuPlayerExtras::init_screencap] [display_width_=1280] [display_height_=720] [display_buffer_.size()=3686400] 
[2026-09-30 02:38:33.692][DBG][Px23360][Tx57829][ScreencapAgent.cpp][L210][MaaNS::CtrlUnitNs::ScreencapAgent::speed_test] | enter 
[2026-09-30 02:38:33.692][INF][Px23360][Tx57829][ScreencapAgent.cpp][L237][MaaNS::CtrlUnitNs::ScreencapAgent::speed_test] Testing MuMuPlayerExtras 
[2026-09-30 02:38:33.710][INF][Px23360][Tx57829][ScreencapAgent.cpp][L221][MaaNS::CtrlUnitNs::ScreencapAgent::speed_test::<lambda_1>::operator ()] [method=MuMuPlayerExtras] [duration=17ms] 
[2026-09-30 02:38:33.710][INF][Px23360][Tx57829][ScreencapAgent.cpp][L251][MaaNS::CtrlUnitNs::ScreencapAgent::speed_test] The fastest method is MuMuPlayerExtras [cost=17ms] 
[2026-09-30 02:38:33.710][TRC][Px23360][Tx57829][ScreencapAgent.cpp][L210][MaaNS::CtrlUnitNs::ScreencapAgent::speed_test] | leave, 17ms 
[2026-09-30 02:38:33.710][TRC][Px23360][Tx57829][ScreencapAgent.cpp][L142][MaaNS::CtrlUnitNs::ScreencapAgent::init] | leave, 25ms 
[2026-09-30 02:38:33.710][INF][Px23360][Tx57829][InputAgent.cpp][L37][MaaNS::CtrlUnitNs::InputAgent::InputAgent] [methods=18446744073709551615] [method_vector=["MuMuPlayerExtras","AndrowsExtras","Maatouch","MinitouchAndAdbKey","AdbShell"]] [agent_path=C:/Users/Administrator/AppData/Roaming/Python/Python313/site-packages/maa/../MaaAgentBinary] 
[2026-09-30 02:38:33.710][DBG][Px23360][Tx57829][MuMuPlayerExtras.cpp][L538][MaaNS::CtrlUnitNs::MuMuPlayerExtras::set_app_package] [package=] [cloned_index=0] 
[2026-09-30 02:38:33.710][INF][Px23360][Tx57829][MuMuPlayerExtras.cpp][L53][MaaNS::CtrlUnitNs::MuMuPlayerExtras::parse] [mumu_path_=C:/Program Files/Netease/MuMu] [lib_path_=C:/Program Files/Netease/MuMu/nx_main/sdk/external_renderer_ipc.dll] [mumu_index_=0] 
[2026-09-30 02:38:33.710][INF][Px23360][Tx57829][AndrowsExtras.cpp][L39][MaaNS::CtrlUnitNs::AndrowsExtras::parse] extras.androws.enable is false, ignore 
[2026-09-30 02:38:33.711][DBG][Px23360][Tx57829][InputAgent.cpp][L105][MaaNS::CtrlUnitNs::InputAgent::init] | enter 
[2026-09-30 02:38:33.711][DBG][Px23360][Tx57829][MaaUtils/LibraryHolder.h][L49][MaaNS::LibraryHolder<class MaaNS::CtrlUnitNs::MuMuPlayerExtras>::load_library] [libname=C:/Program Files/Netease/MuMu/nx_main/sdk/external_renderer_ipc.dll] | enter 
[2026-09-30 02:38:33.711][DBG][Px23360][Tx57829][MaaUtils/LibraryHolder.h][L60][MaaNS::LibraryHolder<class MaaNS::CtrlUnitNs::MuMuPlayerExtras>::load_library] Already loaded [libname=C:/Program Files/Netease/MuMu/nx_main/sdk/external_renderer_ipc.dll] [ref_count_=2] 
[2026-09-30 02:38:33.711][TRC][Px23360][Tx57829][MaaUtils/LibraryHolder.h][L49][MaaNS::LibraryHolder<class MaaNS::CtrlUnitNs::MuMuPlayerExtras>::load_library] | leave, 0ms 
[2026-09-30 02:38:33.711][DBG][Px23360][Tx57829][MaaUtils/LibraryHolder.h][L113][MaaNS::LibraryHolder<class MaaNS::CtrlUnitNs::MuMuPlayerExtras>::get_function] [func_name=nemu_connect] | enter 
[2026-09-30 02:38:33.711][TRC][Px23360][Tx57829][MaaUtils/LibraryHolder.h][L113][MaaNS::LibraryHolder<class MaaNS::CtrlUnitNs::MuMuPlayerExtras>::get_function] | leave, 0ms 
[2026-09-30 02:38:33.711][DBG][Px23360][Tx57829][MaaUtils/LibraryHolder.h][L113][MaaNS::LibraryHolder<class MaaNS::CtrlUnitNs::MuMuPlayerExtras>::get_function] [func_name=nemu_disconnect] | enter 
[2026-09-30 02:38:33.711][TRC][Px23360][Tx57829][MaaUtils/LibraryHolder.h][L113][MaaNS::LibraryHolder<class MaaNS::CtrlUnitNs::MuMuPlayerExtras>::get_function] | leave, 0ms 
[2026-09-30 02:38:33.711][DBG][Px23360][Tx57829][MaaUtils/LibraryHolder.h][L113][MaaNS::LibraryHolder<class MaaNS::CtrlUnitNs::MuMuPlayerExtras>::get_function] [func_name=nemu_capture_display] | enter 
[2026-09-30 02:38:33.711][TRC][Px23360][Tx57829][MaaUtils/LibraryHolder.h][L113][MaaNS::LibraryHolder<class MaaNS::CtrlUnitNs::MuMuPlayerExtras>::get_function] | leave, 0ms 
[2026-09-30 02:38:33.711][DBG][Px23360][Tx57829][MaaUtils/LibraryHolder.h][L113][MaaNS::LibraryHolder<class MaaNS::CtrlUnitNs::MuMuPlayerExtras>::get_function] [func_name=nemu_input_text] | enter 
[2026-09-30 02:38:33.711][TRC][Px23360][Tx57829][MaaUtils/LibraryHolder.h][L113][MaaNS::LibraryHolder<class MaaNS::CtrlUnitNs::MuMuPlayerExtras>::get_function] | leave, 0ms 
[2026-09-30 02:38:33.711][DBG][Px23360][Tx57829][MaaUtils/LibraryHolder.h][L113][MaaNS::LibraryHolder<class MaaNS::CtrlUnitNs::MuMuPlayerExtras>::get_function] [func_name=nemu_input_event_finger_touch_down] | enter 
[2026-09-30 02:38:33.711][TRC][Px23360][Tx57829][MaaUtils/LibraryHolder.h][L113][MaaNS::LibraryHolder<class MaaNS::CtrlUnitNs::MuMuPlayerExtras>::get_function] | leave, 0ms 
[2026-09-30 02:38:33.711][DBG][Px23360][Tx57829][MaaUtils/LibraryHolder.h][L113][MaaNS::LibraryHolder<class MaaNS::CtrlUnitNs::MuMuPlayerExtras>::get_function] [func_name=nemu_input_event_finger_touch_up] | enter 
[2026-09-30 02:38:33.711][TRC][Px23360][Tx57829][MaaUtils/LibraryHolder.h][L113][MaaNS::LibraryHolder<class MaaNS::CtrlUnitNs::MuMuPlayerExtras>::get_function] | leave, 0ms 
[2026-09-30 02:38:33.711][DBG][Px23360][Tx57829][MaaUtils/LibraryHolder.h][L113][MaaNS::LibraryHolder<class MaaNS::CtrlUnitNs::MuMuPlayerExtras>::get_function] [func_name=nemu_input_event_key_down] | enter 
[2026-09-30 02:38:33.711][TRC][Px23360][Tx57829][MaaUtils/LibraryHolder.h][L113][MaaNS::LibraryHolder<class MaaNS::CtrlUnitNs::MuMuPlayerExtras>::get_function] | leave, 0ms 
[2026-09-30 02:38:33.711][DBG][Px23360][Tx57829][MaaUtils/LibraryHolder.h][L113][MaaNS::LibraryHolder<class MaaNS::CtrlUnitNs::MuMuPlayerExtras>::get_function] [func_name=nemu_input_event_key_up] | enter 
[2026-09-30 02:38:33.711][TRC][Px23360][Tx57829][MaaUtils/LibraryHolder.h][L113][MaaNS::LibraryHolder<class MaaNS::CtrlUnitNs::MuMuPlayerExtras>::get_function] | leave, 0ms 
[2026-09-30 02:38:33.711][DBG][Px23360][Tx57829][MaaUtils/LibraryHolder.h][L113][MaaNS::LibraryHolder<class MaaNS::CtrlUnitNs::MuMuPlayerExtras>::get_function] [func_name=nemu_get_display_id] | enter 
[2026-09-30 02:38:33.711][TRC][Px23360][Tx57829][MaaUtils/LibraryHolder.h][L113][MaaNS::LibraryHolder<class MaaNS::CtrlUnitNs::MuMuPlayerExtras>::get_function] | leave, 0ms 
[2026-09-30 02:38:33.711][DBG][Px23360][Tx57829][MuMuPlayerExtras.cpp][L462][MaaNS::CtrlUnitNs::MuMuPlayerExtras::connect_mumu] [mumu_path_=C:/Program Files/Netease/MuMu] [mumu_index_=0] | enter 
[2026-09-30 02:38:33.711][TRC][Px23360][Tx57829][MuMuPlayerExtras.cpp][L462][MaaNS::CtrlUnitNs::MuMuPlayerExtras::connect_mumu] | leave, 0ms 
[2026-09-30 02:38:33.712][INF][Px23360][Tx57829][MuMuPlayerExtras.cpp][L570][MaaNS::CtrlUnitNs::MuMuPlayerExtras::get_display_id] [display_id=0] 
[2026-09-30 02:38:33.712][DBG][Px23360][Tx57829][MuMuPlayerExtras.cpp][L508][MaaNS::CtrlUnitNs::MuMuPlayerExtras::init_screencap] [display_width_=1280] [display_height_=720] [display_buffer_.size()=3686400] 
[2026-09-30 02:38:33.712][TRC][Px23360][Tx57829][InputAgent.cpp][L105][MaaNS::CtrlUnitNs::InputAgent::init] | leave, 1ms 
[2026-09-30 02:38:33.712][DBG][Px23360][Tx57829][DeviceInfo.cpp][L27][MaaNS::CtrlUnitNs::DeviceInfo::request_uuid] | enter 
[2026-09-30 02:38:33.743][DBG][Px23360][Tx57829][ChildPipeIOStream.cpp][L84][MaaNS::ChildPipeIOStream::ChildPipeIOStream] [exec_=C:/Program Files/Netease/MuMu/nx_main/adb.exe] [args_=["-s","127.0.0.1:16384","shell","settings get secure android_id"]] [child_.id()=108] 
[2026-09-30 02:38:33.790][DBG][Px23360][Tx57829][UnitBase.cpp][L58][MaaNS::CtrlUnitNs::UnitBase::startup_and_read_pipe] [output.size()=18] [duration=77ms] 
[2026-09-30 02:38:33.790][DBG][Px23360][Tx57829][UnitBase.cpp][L60][MaaNS::CtrlUnitNs::UnitBase::startup_and_read_pipe] output:
10853ef7baa5698a


[2026-09-30 02:38:33.790][TRC][Px23360][Tx57829][DeviceInfo.cpp][L27][MaaNS::CtrlUnitNs::DeviceInfo::request_uuid] | leave, 78ms 
[2026-09-30 02:38:33.791][DBG][Px23360][Tx16445][MaaTasker.cpp][L94][MaaTaskerBindResource] [tasker=true] [res=true] | enter 
[2026-09-30 02:38:33.791][INF][Px23360][Tx16445][Tasker.cpp][L44][MaaNS::Tasker::bind_resource] [this=true] [resource=true] [derived=true] [resource_=false] 
[2026-09-30 02:38:33.791][TRC][Px23360][Tx16445][MaaTasker.cpp][L94][MaaTaskerBindResource] | leave, 0ms 
[2026-09-30 02:38:33.791][DBG][Px23360][Tx16445][MaaTasker.cpp][L106][MaaTaskerBindController] [tasker=true] [ctrl=true] | enter 
[2026-09-30 02:38:33.791][INF][Px23360][Tx16445][Tasker.cpp][L59][MaaNS::Tasker::bind_controller] [this=true] [controller=true] [derived=true] [controller_=false] 
[2026-09-30 02:38:33.791][TRC][Px23360][Tx16445][MaaTasker.cpp][L106][MaaTaskerBindController] | leave, 0ms 
[2026-09-30 02:38:34.912][DBG][Px23360][Tx16445][MaaTasker.cpp][L128][MaaTaskerPostTask] [tasker=true] [entry=OurNotes_Main] [pipeline_override={"OurNotes_SetDifficulty": {"action": "Click", "recognition": "TemplateMatch", "template": ["ournotes/difficulty/hard_active.png", "ournotes/difficulty/hard_inactive.png"], "next": "OurNotes_GetSongName", "target": [1037, 562, 58, 19], "timeout": 5000}}] | enter 
[2026-09-30 02:38:34.912][INF][Px23360][Tx16445][Tasker.cpp][L87][MaaNS::Tasker::post_task] [entry=OurNotes_Main] [pipeline_override={"OurNotes_SetDifficulty":{"action":"Click","next":"OurNotes_GetSongName","recognition":"TemplateMatch","target":[1037,562,58,19],"template":["ournotes/difficulty/hard_active.png","ournotes/difficulty/hard_inactive.png"],"timeout":5000}}] 
[2026-09-30 02:38:34.912][DBG][Px23360][Tx16445][Context.cpp][L20][MaaNS::TaskNS::Context::create] [id=200000001] [tasker=true] 
[2026-09-30 02:38:34.912][DBG][Px23360][Tx16445][Context.cpp][L46][MaaNS::TaskNS::Context::Context] [id=200000001] [tasker=true] 
[2026-09-30 02:38:34.912][TRC][Px23360][Tx16445][Context.cpp][L195][MaaNS::TaskNS::Context::override_pipeline] [getptr()=000001A17BDE0A10] [pipeline_override={"OurNotes_SetDifficulty":{"action":"Click","next":"OurNotes_GetSongName","recognition":"TemplateMatch","target":[1037,562,58,19],"template":["ournotes/difficulty/hard_active.png","ournotes/difficulty/hard_inactive.png"],"timeout":5000}}] 
[2026-09-30 02:38:34.912][DBG][Px23360][Tx16445][PipelineParser.cpp][L188][MaaNS::ResourceNS::PipelineParser::parse_node] [name=OurNotes_SetDifficulty] 
[2026-09-30 02:38:34.912][TRC][Px23360][Tx16445][MaaTasker.cpp][L128][MaaTaskerPostTask] | leave, 1ms 
[2026-09-30 02:38:34.913][DBG][Px23360][Tx36286][Tasker.cpp][L323][MaaNS::Tasker::run_task] [runner_id=100000001] [task_ptr=000001A17C98CCA0] | enter 
[2026-09-30 02:38:34.913][INF][Px23360][Tx36286][Tasker.cpp][L343][MaaNS::Tasker::run_task] task start: [cb_detail={"entry":"OurNotes_Main","hash":"c90b2246b1b4d37e","task_id":200000001,"uuid":"10853ef7baa5698a"}] 
[2026-09-30 02:38:34.913][INF][Px23360][Tx36286][Utils/EventDispatcher.hpp][L65][MaaNS::EventDispatcher::notify] !!!OnEventNotify!!! [handle=true] [msg=Tasker.Task.Starting] [details={"entry":"OurNotes_Main","hash":"c90b2246b1b4d37e","task_id":200000001,"uuid":"10853ef7baa5698a"}] 
[2026-09-30 02:38:34.913][DBG][Px23360][Tx36286][PipelineTask.cpp][L26][MaaNS::TaskNS::PipelineTask::run] [entry_=OurNotes_Main] [task_id_=200000001] | enter 
[2026-09-30 02:38:34.913][INF][Px23360][Tx36286][Utils/EventDispatcher.hpp][L65][MaaNS::EventDispatcher::notify] !!!OnEventNotify!!! [handle=true] [msg=Node.PipelineNode.Starting] [details={"focus":null,"name":"OurNotes_Main","node_id":300000001,"task_id":200000001}] 
[2026-09-30 02:38:34.919][INF][Px23360][Tx57829][ControllerAgent.cpp][L1070][MaaNS::ControllerNS::ControllerAgent::postproc_screenshot] Resolution changed [raw.cols=1280] [raw.rows=720] [image_raw_width_=0] [image_raw_height_=0] 
[2026-09-30 02:38:34.919][DBG][Px23360][Tx57829][ControllerAgent.cpp][L1105][MaaNS::ControllerNS::ControllerAgent::calc_target_image_size] Re-calc image target size: [image_target_long_side_=0] [image_target_short_side_=720] [image_raw_width_=1280] [image_raw_height_=720] 
[2026-09-30 02:38:34.919][INF][Px23360][Tx57829][ControllerAgent.cpp][L1131][MaaNS::ControllerNS::ControllerAgent::calc_target_image_size] [image_target_width_=1280] [image_target_height_=720] 
[2026-09-30 02:38:34.921][DBG][Px23360][Tx36286][PipelineTask.cpp][L250][MaaNS::TaskNS::PipelineTask::recognize_list] [cur_node_=OurNotes_Main] [list=[{"anchor":false,"jump_back":false,"name":"OurNotes_Main"}]] | enter 
[2026-09-30 02:38:34.921][INF][Px23360][Tx36286][Utils/EventDispatcher.hpp][L65][MaaNS::EventDispatcher::notify] !!!OnEventNotify!!! [handle=true] [msg=Node.NextList.Starting] [details={"focus":null,"list":[{"anchor":false,"jump_back":false,"name":"OurNotes_Main"}],"name":"OurNotes_Main","task_id":200000001}] 
[2026-09-30 02:38:34.921][DBG][Px23360][Tx36286][PipelineTask.cpp][L363][MaaNS::TaskNS::PipelineTask::prepare_batch_ocr] batch OCR not needed, eligible OCR nodes < 2 [ctx.plan.entries.size()=0] 
[2026-09-30 02:38:34.921][DBG][Px23360][Tx36286][TaskBase.cpp][L61][MaaNS::TaskNS::TaskBase::run_recognition] [cur_node_=OurNotes_Main] [data.name=OurNotes_Main] | enter 
[2026-09-30 02:38:34.921][INF][Px23360][Tx36286][Utils/EventDispatcher.hpp][L65][MaaNS::EventDispatcher::notify] !!!OnEventNotify!!! [handle=true] [msg=Node.Recognition.Starting] [details={"focus":null,"name":"OurNotes_Main","reco_id":400000001,"task_id":200000001}] 
[2026-09-30 02:38:34.922][DBG][Px23360][Tx36286][TemplateResMgr.cpp][L65][MaaNS::ResourceNS::TemplateResMgr::load] [name=ournotes/enter_live.png] [roots_=["","assets/resource/image"]] | enter 
[2026-09-30 02:38:34.922][DBG][Px23360][Tx36286][TemplateResMgr.cpp][L90][MaaNS::ResourceNS::TemplateResMgr::load] [path=assets/resource/image/ournotes/enter_live.png] 
[2026-09-30 02:38:34.922][DBG][Px23360][Tx36286][TemplateResMgr.cpp][L72][MaaNS::ResourceNS::TemplateResMgr::load::<lambda_1>::operator ()] [path=assets/resource/image/ournotes/enter_live.png] 
[2026-09-30 02:38:34.929][TRC][Px23360][Tx36286][TemplateResMgr.cpp][L65][MaaNS::ResourceNS::TemplateResMgr::load] | leave, 7ms 
[2026-09-30 02:38:35.058][DBG][Px23360][Tx36286][TemplateMatcher.cpp][L45][MaaNS::VisionNS::TemplateMatcher::analyze] OurNotes_Main [all_results_=[{"box":[971,483,216,197],"score":0.840805}]] [filtered_results_=[{"box":[971,483,216,197],"score":0.840805}]] [best_result_={"box":[971,483,216,197],"score":0.840805}] [cost=128ms] [param_.template_=["ournotes/enter_live.png"]] [templates_.size()=1] [param_.thresholds=[0.700000]] [param_.method=5] [param_.green_mask=false] 
[2026-09-30 02:38:35.059][INF][Px23360][Tx36286][Recognizer.cpp][L103][MaaNS::TaskNS::Recognizer::recognize] reco [result={"algorithm":"TemplateMatch","box":[971,483,216,197],"detail":{"all":[{"box":[971,483,216,197],"score":0.840805}],"best":{"box":[971,483,216,197],"score":0.840805},"filtered":[{"box":[971,483,216,197],"score":0.840805}]},"name":"OurNotes_Main","reco_id":400000001}] 
[2026-09-30 02:38:35.060][INF][Px23360][Tx36286][Utils/EventDispatcher.hpp][L65][MaaNS::EventDispatcher::notify] !!!OnEventNotify!!! [handle=true] [msg=Node.Recognition.Succeeded] [details={"focus":null,"name":"OurNotes_Main","reco_details":{"algorithm":"TemplateMatch","box":[971,483,216,197],"detail":{"all":[{"box":[971,483,216,197],"score":0.840805}],"best":{"box":[971,483,216,197],"score":0.840805},"filtered":[{"box":[971,483,216,197],"score":0.840805}]},"name":"OurNotes_Main","reco_id":400000001},"reco_id":400000001,"task_id":200000001}] 
[2026-09-30 02:38:35.060][TRC][Px23360][Tx36286][TaskBase.cpp][L61][MaaNS::TaskNS::TaskBase::run_recognition] | leave, 137ms 
[2026-09-30 02:38:35.060][INF][Px23360][Tx36286][PipelineTask.cpp][L312][MaaNS::TaskNS::PipelineTask::recognize_list] reco hit [result.name=OurNotes_Main] [result.box=[971,483,216,197]] 
[2026-09-30 02:38:35.060][INF][Px23360][Tx36286][Utils/EventDispatcher.hpp][L65][MaaNS::EventDispatcher::notify] !!!OnEventNotify!!! [handle=true] [msg=Node.NextList.Succeeded] [details={"focus":null,"list":[{"anchor":false,"jump_back":false,"name":"OurNotes_Main"}],"name":"OurNotes_Main","task_id":200000001}] 
[2026-09-30 02:38:35.060][TRC][Px23360][Tx36286][PipelineTask.cpp][L250][MaaNS::TaskNS::PipelineTask::recognize_list] | leave, 137ms 
[2026-09-30 02:38:35.060][DBG][Px23360][Tx36286][TaskBase.cpp][L215][MaaNS::TaskNS::TaskBase::sleep] 200ms 
[2026-09-30 02:38:35.260][INF][Px23360][Tx36286][Utils/EventDispatcher.hpp][L65][MaaNS::EventDispatcher::notify] !!!OnEventNotify!!! [handle=true] [msg=Node.Action.Starting] [details={"action_id":500000001,"focus":null,"name":"OurNotes_Main","task_id":200000001}] 
[2026-09-30 02:38:35.260][TRC][Px23360][Tx36286][Actuator.cpp][L27][MaaNS::TaskNS::Actuator::run] [pipeline_data.name=OurNotes_Main] 
[2026-09-30 02:38:35.261][INF][Px23360][Tx57829][MuMuPlayerExtras.cpp][L133][MaaNS::CtrlUnitNs::MuMuPlayerExtras::touch_down] [contact=0] [x=1105] [y=570] [pressure=1] [display_id=0] 
[2026-09-30 02:38:35.313][INF][Px23360][Tx57829][MuMuPlayerExtras.cpp][L180][MaaNS::CtrlUnitNs::MuMuPlayerExtras::touch_up] [contact=0] [display_id=0] 
[2026-09-30 02:38:35.313][INF][Px23360][Tx36286][TaskBase.cpp][L137][MaaNS::TaskNS::TaskBase::run_action] action [i=0] [data.repeat=1] [result={"action":"Click","action_id":500000001,"box":[971,483,216,197],"detail":{"contact":0,"point":[1105,570],"pressure":1},"name":"OurNotes_Main","success":true}] 
[2026-09-30 02:38:35.313][INF][Px23360][Tx36286][Utils/EventDispatcher.hpp][L65][MaaNS::EventDispatcher::notify] !!!OnEventNotify!!! [handle=true] [msg=Node.Action.Succeeded] [details={"action_details":{"action":"Click","action_id":500000001,"box":[971,483,216,197],"detail":{"contact":0,"point":[1105,570],"pressure":1},"name":"OurNotes_Main","success":true},"action_id":500000001,"focus":null,"name":"OurNotes_Main","task_id":200000001}] 
[2026-09-30 02:38:35.313][DBG][Px23360][Tx36286][TaskBase.cpp][L215][MaaNS::TaskNS::TaskBase::sleep] 200ms 
[2026-09-30 02:38:35.513][INF][Px23360][Tx36286][PipelineTask.cpp][L224][MaaNS::TaskNS::PipelineTask::run_next] PipelineTask node done [result={"action_id":500000001,"completed":true,"name":"OurNotes_Main","node_id":300000001,"reco_id":400000001}] [task_id_=200000001] 
[2026-09-30 02:38:35.513][INF][Px23360][Tx36286][Utils/EventDispatcher.hpp][L65][MaaNS::EventDispatcher::notify] !!!OnEventNotify!!! [handle=true] [msg=Node.PipelineNode.Succeeded] [details={"action_details":{"action":"Click","action_id":500000001,"box":[971,483,216,197],"detail":{"contact":0,"point":[1105,570],"pressure":1},"name":"OurNotes_Main","success":true},"focus":null,"name":"OurNotes_Main","node_details":{"action_id":500000001,"completed":true,"name":"OurNotes_Main","node_id":300000001,"reco_id":400000001},"node_id":300000001,"reco_details":{"algorithm":"TemplateMatch","box":[971,483,216,197],"detail":{"all":[{"box":[971,483,216,197],"score":0.840805}],"best":{"box":[971,483,216,197],"score":0.840805},"filtered":[{"box":[971,483,216,197],"score":0.840805}]},"name":"OurNotes_Main","reco_id":400000001},"task_id":200000001}] 
[2026-09-30 02:38:35.513][INF][Px23360][Tx36286][Utils/EventDispatcher.hpp][L65][MaaNS::EventDispatcher::notify] !!!OnEventNotify!!! [handle=true] [msg=Node.PipelineNode.Starting] [details={"focus":null,"name":"OurNotes_Main","node_id":300000002,"task_id":200000001}] 
[2026-09-30 02:38:35.520][DBG][Px23360][Tx36286][PipelineTask.cpp][L250][MaaNS::TaskNS::PipelineTask::recognize_list] [cur_node_=OurNotes_Main] [list=[{"anchor":false,"jump_back":false,"name":"OurNotes_SelectLiveMode"}]] | enter 
[2026-09-30 02:38:35.520][INF][Px23360][Tx36286][Utils/EventDispatcher.hpp][L65][MaaNS::EventDispatcher::notify] !!!OnEventNotify!!! [handle=true] [msg=Node.NextList.Starting] [details={"focus":null,"list":[{"anchor":false,"jump_back":false,"name":"OurNotes_SelectLiveMode"}],"name":"OurNotes_Main","task_id":200000001}] 
[2026-09-30 02:38:35.520][DBG][Px23360][Tx36286][PipelineTask.cpp][L363][MaaNS::TaskNS::PipelineTask::prepare_batch_ocr] batch OCR not needed, eligible OCR nodes < 2 [ctx.plan.entries.size()=0] 
[2026-09-30 02:38:35.520][DBG][Px23360][Tx36286][TaskBase.cpp][L61][MaaNS::TaskNS::TaskBase::run_recognition] [cur_node_=OurNotes_Main] [data.name=OurNotes_SelectLiveMode] | enter 
[2026-09-30 02:38:35.520][INF][Px23360][Tx36286][Utils/EventDispatcher.hpp][L65][MaaNS::EventDispatcher::notify] !!!OnEventNotify!!! [handle=true] [msg=Node.Recognition.Starting] [details={"focus":null,"name":"OurNotes_SelectLiveMode","reco_id":400000002,"task_id":200000001}] 
[2026-09-30 02:38:35.520][DBG][Px23360][Tx36286][TemplateResMgr.cpp][L65][MaaNS::ResourceNS::TemplateResMgr::load] [name=ournotes/free_live.png] [roots_=["","assets/resource/image"]] | enter 
[2026-09-30 02:38:35.521][DBG][Px23360][Tx36286][TemplateResMgr.cpp][L90][MaaNS::ResourceNS::TemplateResMgr::load] [path=assets/resource/image/ournotes/free_live.png] 
[2026-09-30 02:38:35.521][DBG][Px23360][Tx36286][TemplateResMgr.cpp][L72][MaaNS::ResourceNS::TemplateResMgr::load::<lambda_1>::operator ()] [path=assets/resource/image/ournotes/free_live.png] 
[2026-09-30 02:38:35.523][TRC][Px23360][Tx36286][TemplateResMgr.cpp][L65][MaaNS::ResourceNS::TemplateResMgr::load] | leave, 2ms 
[2026-09-30 02:38:35.608][DBG][Px23360][Tx36286][TemplateMatcher.cpp][L45][MaaNS::VisionNS::TemplateMatcher::analyze] OurNotes_SelectLiveMode [all_results_=[{"box":[736,264,259,295],"score":0.390352}]] [filtered_results_=[]] [best_result_=null] [cost=85ms] [param_.template_=["ournotes/free_live.png"]] [templates_.size()=1] [param_.thresholds=[0.700000]] [param_.method=5] [param_.green_mask=false] 
[2026-09-30 02:38:35.608][INF][Px23360][Tx36286][Recognizer.cpp][L103][MaaNS::TaskNS::Recognizer::recognize] reco [result={"algorithm":"TemplateMatch","box":null,"detail":{"all":[{"box":[736,264,259,295],"score":0.390352}],"best":null,"filtered":[]},"name":"OurNotes_SelectLiveMode","reco_id":400000002}] 
[2026-09-30 02:38:35.608][INF][Px23360][Tx36286][Utils/EventDispatcher.hpp][L65][MaaNS::EventDispatcher::notify] !!!OnEventNotify!!! [handle=true] [msg=Node.Recognition.Failed] [details={"focus":null,"name":"OurNotes_SelectLiveMode","reco_details":{"algorithm":"TemplateMatch","box":null,"detail":{"all":[{"box":[736,264,259,295],"score":0.390352}],"best":null,"filtered":[]},"name":"OurNotes_SelectLiveMode","reco_id":400000002},"reco_id":400000002,"task_id":200000001}] 
[2026-09-30 02:38:35.608][TRC][Px23360][Tx36286][TaskBase.cpp][L61][MaaNS::TaskNS::TaskBase::run_recognition] | leave, 87ms 
[2026-09-30 02:38:35.608][INF][Px23360][Tx36286][Utils/EventDispatcher.hpp][L65][MaaNS::EventDispatcher::notify] !!!OnEventNotify!!! [handle=true] [msg=Node.NextList.Failed] [details={"focus":null,"list":[{"anchor":false,"jump_back":false,"name":"OurNotes_SelectLiveMode"}],"name":"OurNotes_Main","task_id":200000001}] 
[2026-09-30 02:38:35.608][TRC][Px23360][Tx36286][PipelineTask.cpp][L250][MaaNS::TaskNS::PipelineTask::recognize_list] | leave, 88ms 
[2026-09-30 02:38:35.608][DBG][Px23360][Tx36286][PipelineTask.cpp][L159][MaaNS::TaskNS::PipelineTask::run_next::<lambda_2>::operator ()] sleep_until [pretask.rate_limit=1000ms] 
[2026-09-30 02:38:36.520][DBG][Px23360][Tx36286][PipelineTask.cpp][L250][MaaNS::TaskNS::PipelineTask::recognize_list] [cur_node_=OurNotes_Main] [list=[{"anchor":false,"jump_back":false,"name":"OurNotes_SelectLiveMode"}]] | enter 
[2026-09-30 02:38:36.520][INF][Px23360][Tx36286][Utils/EventDispatcher.hpp][L65][MaaNS::EventDispatcher::notify] !!!OnEventNotify!!! [handle=true] [msg=Node.NextList.Starting] [details={"focus":null,"list":[{"anchor":false,"jump_back":false,"name":"OurNotes_SelectLiveMode"}],"name":"OurNotes_Main","task_id":200000001}] 
[2026-09-30 02:38:36.520][DBG][Px23360][Tx36286][PipelineTask.cpp][L363][MaaNS::TaskNS::PipelineTask::prepare_batch_ocr] batch OCR not needed, eligible OCR nodes < 2 [ctx.plan.entries.size()=0] 
[2026-09-30 02:38:36.520][DBG][Px23360][Tx36286][TaskBase.cpp][L61][MaaNS::TaskNS::TaskBase::run_recognition] [cur_node_=OurNotes_Main] [data.name=OurNotes_SelectLiveMode] | enter 
[2026-09-30 02:38:36.520][INF][Px23360][Tx36286][Utils/EventDispatcher.hpp][L65][MaaNS::EventDispatcher::notify] !!!OnEventNotify!!! [handle=true] [msg=Node.Recognition.Starting] [details={"focus":null,"name":"OurNotes_SelectLiveMode","reco_id":400000003,"task_id":200000001}] 
[2026-09-30 02:38:36.605][DBG][Px23360][Tx36286][TemplateMatcher.cpp][L45][MaaNS::VisionNS::TemplateMatcher::analyze] OurNotes_SelectLiveMode [all_results_=[{"box":[738,120,259,295],"score":1.000000}]] [filtered_results_=[{"box":[738,120,259,295],"score":1.000000}]] [best_result_={"box":[738,120,259,295],"score":1.000000}] [cost=84ms] [param_.template_=["ournotes/free_live.png"]] [templates_.size()=1] [param_.thresholds=[0.700000]] [param_.method=5] [param_.green_mask=false] 
[2026-09-30 02:38:36.605][INF][Px23360][Tx36286][Recognizer.cpp][L103][MaaNS::TaskNS::Recognizer::recognize] reco [result={"algorithm":"TemplateMatch","box":[738,120,259,295],"detail":{"all":[{"box":[738,120,259,295],"score":1.000000}],"best":{"box":[738,120,259,295],"score":1.000000},"filtered":[{"box":[738,120,259,295],"score":1.000000}]},"name":"OurNotes_SelectLiveMode","reco_id":400000003}] 
[2026-09-30 02:38:36.605][INF][Px23360][Tx36286][Utils/EventDispatcher.hpp][L65][MaaNS::EventDispatcher::notify] !!!OnEventNotify!!! [handle=true] [msg=Node.Recognition.Succeeded] [details={"focus":null,"name":"OurNotes_SelectLiveMode","reco_details":{"algorithm":"TemplateMatch","box":[738,120,259,295],"detail":{"all":[{"box":[738,120,259,295],"score":1.000000}],"best":{"box":[738,120,259,295],"score":1.000000},"filtered":[{"box":[738,120,259,295],"score":1.000000}]},"name":"OurNotes_SelectLiveMode","reco_id":400000003},"reco_id":400000003,"task_id":200000001}] 
[2026-09-30 02:38:36.605][TRC][Px23360][Tx36286][TaskBase.cpp][L61][MaaNS::TaskNS::TaskBase::run_recognition] | leave, 84ms 
[2026-09-30 02:38:36.605][INF][Px23360][Tx36286][PipelineTask.cpp][L312][MaaNS::TaskNS::PipelineTask::recognize_list] reco hit [result.name=OurNotes_SelectLiveMode] [result.box=[738,120,259,295]] 
[2026-09-30 02:38:36.605][INF][Px23360][Tx36286][Utils/EventDispatcher.hpp][L65][MaaNS::EventDispatcher::notify] !!!OnEventNotify!!! [handle=true] [msg=Node.NextList.Succeeded] [details={"focus":null,"list":[{"anchor":false,"jump_back":false,"name":"OurNotes_SelectLiveMode"}],"name":"OurNotes_Main","task_id":200000001}] 
[2026-09-30 02:38:36.605][TRC][Px23360][Tx36286][PipelineTask.cpp][L250][MaaNS::TaskNS::PipelineTask::recognize_list] | leave, 84ms 
[2026-09-30 02:38:36.605][DBG][Px23360][Tx36286][TaskBase.cpp][L215][MaaNS::TaskNS::TaskBase::sleep] 200ms 
[2026-09-30 02:38:36.806][INF][Px23360][Tx36286][Utils/EventDispatcher.hpp][L65][MaaNS::EventDispatcher::notify] !!!OnEventNotify!!! [handle=true] [msg=Node.Action.Starting] [details={"action_id":500000002,"focus":null,"name":"OurNotes_SelectLiveMode","task_id":200000001}] 
[2026-09-30 02:38:36.806][TRC][Px23360][Tx36286][Actuator.cpp][L27][MaaNS::TaskNS::Actuator::run] [pipeline_data.name=OurNotes_SelectLiveMode] 
[2026-09-30 02:38:36.806][INF][Px23360][Tx57829][MuMuPlayerExtras.cpp][L133][MaaNS::CtrlUnitNs::MuMuPlayerExtras::touch_down] [contact=0] [x=884] [y=379] [pressure=1] [display_id=0] 
[2026-09-30 02:38:36.858][INF][Px23360][Tx57829][MuMuPlayerExtras.cpp][L180][MaaNS::CtrlUnitNs::MuMuPlayerExtras::touch_up] [contact=0] [display_id=0] 
[2026-09-30 02:38:36.858][INF][Px23360][Tx36286][TaskBase.cpp][L137][MaaNS::TaskNS::TaskBase::run_action] action [i=0] [data.repeat=1] [result={"action":"Click","action_id":500000002,"box":[738,120,259,295],"detail":{"contact":0,"point":[884,379],"pressure":1},"name":"OurNotes_SelectLiveMode","success":true}] 
[2026-09-30 02:38:36.858][INF][Px23360][Tx36286][Utils/EventDispatcher.hpp][L65][MaaNS::EventDispatcher::notify] !!!OnEventNotify!!! [handle=true] [msg=Node.Action.Succeeded] [details={"action_details":{"action":"Click","action_id":500000002,"box":[738,120,259,295],"detail":{"contact":0,"point":[884,379],"pressure":1},"name":"OurNotes_SelectLiveMode","success":true},"action_id":500000002,"focus":null,"name":"OurNotes_SelectLiveMode","task_id":200000001}] 
[2026-09-30 02:38:36.858][DBG][Px23360][Tx36286][TaskBase.cpp][L215][MaaNS::TaskNS::TaskBase::sleep] 200ms 
[2026-09-30 02:38:37.058][INF][Px23360][Tx36286][PipelineTask.cpp][L224][MaaNS::TaskNS::PipelineTask::run_next] PipelineTask node done [result={"action_id":500000002,"completed":true,"name":"OurNotes_SelectLiveMode","node_id":300000002,"reco_id":400000003}] [task_id_=200000001] 
[2026-09-30 02:38:37.058][INF][Px23360][Tx36286][Utils/EventDispatcher.hpp][L65][MaaNS::EventDispatcher::notify] !!!OnEventNotify!!! [handle=true] [msg=Node.PipelineNode.Succeeded] [details={"action_details":{"action":"Click","action_id":500000002,"box":[738,120,259,295],"detail":{"contact":0,"point":[884,379],"pressure":1},"name":"OurNotes_SelectLiveMode","success":true},"focus":null,"name":"OurNotes_Main","node_details":{"action_id":500000002,"completed":true,"name":"OurNotes_SelectLiveMode","node_id":300000002,"reco_id":400000003},"node_id":300000002,"reco_details":{"algorithm":"TemplateMatch","box":[738,120,259,295],"detail":{"all":[{"box":[738,120,259,295],"score":1.000000}],"best":{"box":[738,120,259,295],"score":1.000000},"filtered":[{"box":[738,120,259,295],"score":1.000000}]},"name":"OurNotes_SelectLiveMode","reco_id":400000003},"task_id":200000001}] 
[2026-09-30 02:38:37.058][INF][Px23360][Tx36286][Utils/EventDispatcher.hpp][L65][MaaNS::EventDispatcher::notify] !!!OnEventNotify!!! [handle=true] [msg=Node.PipelineNode.Starting] [details={"focus":null,"name":"OurNotes_SelectLiveMode","node_id":300000003,"task_id":200000001}] 
[2026-09-30 02:38:37.064][DBG][Px23360][Tx36286][PipelineTask.cpp][L250][MaaNS::TaskNS::PipelineTask::recognize_list] [cur_node_=OurNotes_SelectLiveMode] [list=[{"anchor":false,"jump_back":false,"name":"OurNotes_SelectSong"}]] | enter 
[2026-09-30 02:38:37.064][INF][Px23360][Tx36286][Utils/EventDispatcher.hpp][L65][MaaNS::EventDispatcher::notify] !!!OnEventNotify!!! [handle=true] [msg=Node.NextList.Starting] [details={"focus":null,"list":[{"anchor":false,"jump_back":false,"name":"OurNotes_SelectSong"}],"name":"OurNotes_SelectLiveMode","task_id":200000001}] 
[2026-09-30 02:38:37.064][DBG][Px23360][Tx36286][PipelineTask.cpp][L363][MaaNS::TaskNS::PipelineTask::prepare_batch_ocr] batch OCR not needed, eligible OCR nodes < 2 [ctx.plan.entries.size()=1] 
[2026-09-30 02:38:37.064][DBG][Px23360][Tx36286][TaskBase.cpp][L61][MaaNS::TaskNS::TaskBase::run_recognition] [cur_node_=OurNotes_SelectLiveMode] [data.name=OurNotes_SelectSong] | enter 
[2026-09-30 02:38:37.064][INF][Px23360][Tx36286][Utils/EventDispatcher.hpp][L65][MaaNS::EventDispatcher::notify] !!!OnEventNotify!!! [handle=true] [msg=Node.Recognition.Starting] [details={"focus":null,"name":"OurNotes_SelectSong","reco_id":400000004,"task_id":200000001}] 
[2026-09-30 02:38:37.064][DBG][Px23360][Tx36286][OCRResMgr.cpp][L209][MaaNS::ResourceNS::OCRResMgr::load_ocrer] [name=] [roots_=["assets/resource/model/ocr"]] | enter 
[2026-09-30 02:38:37.064][DBG][Px23360][Tx36286][OCRResMgr.cpp][L149][MaaNS::ResourceNS::OCRResMgr::load_deter] [name=] [roots_=["assets/resource/model/ocr"]] | enter 
[2026-09-30 02:38:37.065][DBG][Px23360][Tx36286][OCRResMgr.cpp][L157][MaaNS::ResourceNS::OCRResMgr::load_deter] [model_path=assets/resource/model/ocr/det.onnx] 
[2026-09-30 02:38:37.446][TRC][Px23360][Tx36286][OCRResMgr.cpp][L149][MaaNS::ResourceNS::OCRResMgr::load_deter] | leave, 382ms 
[2026-09-30 02:38:37.446][DBG][Px23360][Tx36286][OCRResMgr.cpp][L178][MaaNS::ResourceNS::OCRResMgr::load_recer] [name=] [roots_=["assets/resource/model/ocr"]] | enter 
[2026-09-30 02:38:37.446][DBG][Px23360][Tx36286][OCRResMgr.cpp][L187][MaaNS::ResourceNS::OCRResMgr::load_recer] [model_path=assets/resource/model/ocr/rec.onnx] 
[2026-09-30 02:38:37.879][TRC][Px23360][Tx36286][OCRResMgr.cpp][L178][MaaNS::ResourceNS::OCRResMgr::load_recer] | leave, 432ms 
[2026-09-30 02:38:37.879][TRC][Px23360][Tx36286][OCRResMgr.cpp][L209][MaaNS::ResourceNS::OCRResMgr::load_ocrer] | leave, 814ms 
[2026-09-30 02:38:39.598][DBG][Px23360][Tx36286][OCRer.cpp][L90][MaaNS::VisionNS::OCRer::analyze] OurNotes_SelectSong [cache_=null] [all_results_=[{"box":[64,655,85,23],"score":0.999965,"text":"演出打卡"},{"box":[90,581,80,22],"score":0.999972,"text":"新手引导"},{"box":[190,361,27,32],"score":0.646215,"text":"22"},{"box":[225,23,92,28],"score":0.999975,"text":"演出首页"},{"box":[226,297,62,59],"score":0.225697,"text":"OT0"},{"box":[289,553,96,71],"score":0.909247,"text":"激奏"},{"box":[301,656,17,21],"score":0.999995,"text":"3"},{"box":[350,657,19,20],"score":0.999987,"text":"4"},{"box":[369,583,56,35],"score":0.999870,"text":"引导"},{"box":[401,656,16,21],"score":0.999984,"text":"5"},{"box":[449,656,17,21],"score":0.999979,"text":"6"},{"box":[500,657,16,19],"score":0.999990,"text":"7"},{"box":[768,135,66,47],"score":0.997325,"text":"单人"},{"box":[812,330,120,37],"score":0.999992,"text":"自由演出"},{"box":[826,479,35,27],"score":0.999955,"text":"课"},{"box":[833,9,55,24],"score":0.999989,"text":"RANK"},{"box":[833,509,19,16],"score":0.984235,"text":"QU"},{"box":[838,25,47,39],"score":0.999991,"text":"14"},{"box":[840,371,64,15],"score":0.999792,"text":"FREELIVE"},{"box":[884,477,32,29],"score":0.998841,"text":"出"},{"box":[892,508,17,17],"score":0.999344,"text":"VE"},{"box":[908,21,34,21],"score":0.999993,"text":"EXP"},{"box":[1037,135,64,47],"score":0.999992,"text":"多人"},{"box":[1044,17,65,31],"score":0.999965,"text":"46/10"},{"box":[1081,332,120,33],"score":0.999560,"text":"激奏舞台"},{"box":[1094,370,92,15],"score":0.996824,"text":"GEKISO ARENA"},{"box":[1096,476,89,28],"score":0.999703,"text":"激奏演出"},{"box":[1104,508,77,14],"score":0.983689,"text":"GEKISO LIVE"},{"box":[1130,22,28,28],"score":0.860309,"text":"+"}]] [filtered_results_=[]] [best_result_=null] [cost=1718ms] [param_.model=] [param_.only_rec=false] [param_.expected=["乐曲选择"]] 
[2026-09-30 02:38:39.598][INF][Px23360][Tx36286][Recognizer.cpp][L103][MaaNS::TaskNS::Recognizer::recognize] reco [result={"algorithm":"OCR","box":null,"detail":{"all":[{"box":[64,655,85,23],"score":0.999965,"text":"演出打卡"},{"box":[90,581,80,22],"score":0.999972,"text":"新手引导"},{"box":[190,361,27,32],"score":0.646215,"text":"22"},{"box":[225,23,92,28],"score":0.999975,"text":"演出首页"},{"box":[226,297,62,59],"score":0.225697,"text":"OT0"},{"box":[289,553,96,71],"score":0.909247,"text":"激奏"},{"box":[301,656,17,21],"score":0.999995,"text":"3"},{"box":[350,657,19,20],"score":0.999987,"text":"4"},{"box":[369,583,56,35],"score":0.999870,"text":"引导"},{"box":[401,656,16,21],"score":0.999984,"text":"5"},{"box":[449,656,17,21],"score":0.999979,"text":"6"},{"box":[500,657,16,19],"score":0.999990,"text":"7"},{"box":[768,135,66,47],"score":0.997325,"text":"单人"},{"box":[812,330,120,37],"score":0.999992,"text":"自由演出"},{"box":[826,479,35,27],"score":0.999955,"text":"课"},{"box":[833,9,55,24],"score":0.999989,"text":"RANK"},{"box":[833,509,19,16],"score":0.984235,"text":"QU"},{"box":[838,25,47,39],"score":0.999991,"text":"14"},{"box":[840,371,64,15],"score":0.999792,"text":"FREELIVE"},{"box":[884,477,32,29],"score":0.998841,"text":"出"},{"box":[892,508,17,17],"score":0.999344,"text":"VE"},{"box":[908,21,34,21],"score":0.999993,"text":"EXP"},{"box":[1037,135,64,47],"score":0.999992,"text":"多人"},{"box":[1044,17,65,31],"score":0.999965,"text":"46/10"},{"box":[1081,332,120,33],"score":0.999560,"text":"激奏舞台"},{"box":[1094,370,92,15],"score":0.996824,"text":"GEKISO ARENA"},{"box":[1096,476,89,28],"score":0.999703,"text":"激奏演出"},{"box":[1104,508,77,14],"score":0.983689,"text":"GEKISO LIVE"},{"box":[1130,22,28,28],"score":0.860309,"text":"+"}],"best":null,"filtered":[]},"name":"OurNotes_SelectSong","reco_id":400000004}] 
[2026-09-30 02:38:39.599][INF][Px23360][Tx36286][Utils/EventDispatcher.hpp][L65][MaaNS::EventDispatcher::notify] !!!OnEventNotify!!! [handle=true] [msg=Node.Recognition.Failed] [details={"focus":null,"name":"OurNotes_SelectSong","reco_details":{"algorithm":"OCR","box":null,"detail":{"all":[{"box":[64,655,85,23],"score":0.999965,"text":"演出打卡"},{"box":[90,581,80,22],"score":0.999972,"text":"新手引导"},{"box":[190,361,27,32],"score":0.646215,"text":"22"},{"box":[225,23,92,28],"score":0.999975,"text":"演出首页"},{"box":[226,297,62,59],"score":0.225697,"text":"OT0"},{"box":[289,553,96,71],"score":0.909247,"text":"激奏"},{"box":[301,656,17,21],"score":0.999995,"text":"3"},{"box":[350,657,19,20],"score":0.999987,"text":"4"},{"box":[369,583,56,35],"score":0.999870,"text":"引导"},{"box":[401,656,16,21],"score":0.999984,"text":"5"},{"box":[449,656,17,21],"score":0.999979,"text":"6"},{"box":[500,657,16,19],"score":0.999990,"text":"7"},{"box":[768,135,66,47],"score":0.997325,"text":"单人"},{"box":[812,330,120,37],"score":0.999992,"text":"自由演出"},{"box":[826,479,35,27],"score":0.999955,"text":"课"},{"box":[833,9,55,24],"score":0.999989,"text":"RANK"},{"box":[833,509,19,16],"score":0.984235,"text":"QU"},{"box":[838,25,47,39],"score":0.999991,"text":"14"},{"box":[840,371,64,15],"score":0.999792,"text":"FREELIVE"},{"box":[884,477,32,29],"score":0.998841,"text":"出"},{"box":[892,508,17,17],"score":0.999344,"text":"VE"},{"box":[908,21,34,21],"score":0.999993,"text":"EXP"},{"box":[1037,135,64,47],"score":0.999992,"text":"多人"},{"box":[1044,17,65,31],"score":0.999965,"text":"46/10"},{"box":[1081,332,120,33],"score":0.999560,"text":"激奏舞台"},{"box":[1094,370,92,15],"score":0.996824,"text":"GEKISO ARENA"},{"box":[1096,476,89,28],"score":0.999703,"text":"激奏演出"},{"box":[1104,508,77,14],"score":0.983689,"text":"GEKISO LIVE"},{"box":[1130,22,28,28],"score":0.860309,"text":"+"}],"best":null,"filtered":[]},"name":"OurNotes_SelectSong","reco_id":400000004},"reco_id":400000004,"task_id":200000001}] 
[2026-09-30 02:38:39.599][TRC][Px23360][Tx36286][TaskBase.cpp][L61][MaaNS::TaskNS::TaskBase::run_recognition] | leave, 2534ms 
[2026-09-30 02:38:39.599][INF][Px23360][Tx36286][Utils/EventDispatcher.hpp][L65][MaaNS::EventDispatcher::notify] !!!OnEventNotify!!! [handle=true] [msg=Node.NextList.Failed] [details={"focus":null,"list":[{"anchor":false,"jump_back":false,"name":"OurNotes_SelectSong"}],"name":"OurNotes_SelectLiveMode","task_id":200000001}] 
[2026-09-30 02:38:39.599][TRC][Px23360][Tx36286][PipelineTask.cpp][L250][MaaNS::TaskNS::PipelineTask::recognize_list] | leave, 2534ms 
[2026-09-30 02:38:39.599][DBG][Px23360][Tx36286][PipelineTask.cpp][L159][MaaNS::TaskNS::PipelineTask::run_next::<lambda_2>::operator ()] sleep_until [pretask.rate_limit=1000ms] 
[2026-09-30 02:38:39.605][DBG][Px23360][Tx36286][PipelineTask.cpp][L250][MaaNS::TaskNS::PipelineTask::recognize_list] [cur_node_=OurNotes_SelectLiveMode] [list=[{"anchor":false,"jump_back":false,"name":"OurNotes_SelectSong"}]] | enter 
[2026-09-30 02:38:39.605][INF][Px23360][Tx36286][Utils/EventDispatcher.hpp][L65][MaaNS::EventDispatcher::notify] !!!OnEventNotify!!! [handle=true] [msg=Node.NextList.Starting] [details={"focus":null,"list":[{"anchor":false,"jump_back":false,"name":"OurNotes_SelectSong"}],"name":"OurNotes_SelectLiveMode","task_id":200000001}] 
[2026-09-30 02:38:39.605][DBG][Px23360][Tx36286][PipelineTask.cpp][L363][MaaNS::TaskNS::PipelineTask::prepare_batch_ocr] batch OCR not needed, eligible OCR nodes < 2 [ctx.plan.entries.size()=1] 
[2026-09-30 02:38:39.605][DBG][Px23360][Tx36286][TaskBase.cpp][L61][MaaNS::TaskNS::TaskBase::run_recognition] [cur_node_=OurNotes_SelectLiveMode] [data.name=OurNotes_SelectSong] | enter 
[2026-09-30 02:38:39.605][INF][Px23360][Tx36286][Utils/EventDispatcher.hpp][L65][MaaNS::EventDispatcher::notify] !!!OnEventNotify!!! [handle=true] [msg=Node.Recognition.Starting] [details={"focus":null,"name":"OurNotes_SelectSong","reco_id":400000005,"task_id":200000001}] 
[2026-09-30 02:38:40.235][DBG][Px23360][Tx36286][OCRer.cpp][L90][MaaNS::VisionNS::OCRer::analyze] OurNotes_SelectSong [cache_=null] [all_results_=[{"box":[8,280,50,29],"score":0.958394,"text":"NEW"},{"box":[8,361,50,29],"score":0.983431,"text":"NEW"},{"box":[8,600,50,30],"score":0.982018,"text":"NEW"},{"box":[9,440,49,29],"score":0.943990,"text":"NEW"},{"box":[9,524,49,25],"score":0.997437,"text":"NEW"},{"box":[22,202,50,26],"score":0.995122,"text":"NEW"},{"box":[26,287,107,61],"score":0.567978,"text":"60t"},{"box":[29,129,35,28],"score":0.776393,"text":"t"},{"box":[34,546,90,29],"score":0.968515,"text":"millsage*"},{"box":[37,626,84,29],"score":0.546074,"text":"TitbRocy"},{"box":[41,467,80,14],"score":0.682036,"text":"梦隆大"},{"box":[41,479,80,18],"score":0.982809,"text":"MewType"},{"box":[46,391,76,28],"score":0.815571,"text":"eMigica"},{"box":[70,228,50,26],"score":0.999949,"text":"ALL"},{"box":[76,127,61,30],"score":0.999991,"text":"全部"},{"box":[208,547,72,48],"score":0.794244,"text":"步拾这"},{"box":[210,332,102,25],"score":0.657506,"text":"bubai"},{"box":[213,352,99,22],"score":0.000000,"text":""},{"box":[226,26,91,24],"score":0.999967,"text":"乐曲选择"},{"box":[232,199,29,11],"score":0.495191,"text":"黑色酒"},{"box":[285,133,60,31],"score":0.999650,"text":"Lv.21"},{"box":[285,235,59,31],"score":0.999826,"text":"Lv.18"},{"box":[285,477,55,31],"score":0.999768,"text":"Lv.17"},{"box":[285,579,59,31],"score":0.999795,"text":"Lv.19"},{"box":[285,681,59,31],"score":0.999654,"text":"Lv.19"},{"box":[328,361,62,36],"score":0.999745,"text":"Lv.15"},{"box":[328,440,73,28],"score":0.999588,"text":"無路矢"},{"box":[329,96,72,28],"score":0.988185,"text":"壱雫空"},{"box":[329,197,72,28],"score":0.999989,"text":"影色舞"},{"box":[329,542,72,28],"score":0.897172,"text":"歩拾道"},{"box":[329,644,71,28],"score":0.999992,"text":"端程山"},{"box":[373,308,305,33],"score":0.959180,"text":"春日影(MyGO!!!! ver.)"},{"box":[444,686,21,22],"score":0.941693,"text":"X"},{"box":[446,141,15,15],"score":0.813607,"text":"X"},{"box":[446,243,16,16],"score":0.898705,"text":"X"},{"box":[557,30,104,33],"score":0.999998,"text":"46672"},{"box":[573,13,129,17],"score":0.999964,"text":"HIGHSCORERATING"},{"box":[617,365,75,29],"score":0.954790,"text":"MV"},{"box":[629,138,63,26],"score":0.936260,"text":"MV"},{"box":[629,240,63,24],"score":0.985441,"text":"MV"},{"box":[629,483,63,23],"score":0.981984,"text":"MV"},{"box":[629,585,63,23],"score":0.979254,"text":"MV"},{"box":[629,688,64,24],"score":0.910292,"text":"MV"},{"box":[749,468,44,20],"score":0.999996,"text":"Band"},{"box":[754,26,15,24],"score":0.784311,"text":"•i"},{"box":[782,559,48,20],"score":0.999985,"text":"EASY"},{"box":[784,420,402,40],"score":0.965988,"text":"春日影 (MyGO!!!!! ver.)"},{"box":[796,533,21,28],"score":0.999983,"text":"6"},{"box":[797,465,89,23],"score":0.994840,"text":"MyGO!!!!!"},{"box":[850,165,75,157],"score":0.999185,"text":"春日影"},{"box":[864,354,45,13],"score":0.975309,"text":"MyGO!!!!!"},{"box":[897,558,76,23],"score":0.987323,"text":"NORMAL"},{"box":[924,533,25,28],"score":0.999966,"text":"11"},{"box":[929,648,73,23],"score":0.999877,"text":"随机选曲"},{"box":[1013,25,45,25],"score":0.999607,"text":"默认"},{"box":[1041,561,51,18],"score":0.999731,"text":"HARD"},{"box":[1048,529,38,34],"score":0.999996,"text":"15"},{"box":[1058,120,28,38],"score":0.999766,"text":"0"},{"box":[1058,311,87,18],"score":0.991433,"text":"#MyGO!!!!!"},{"box":[1070,93,102,19],"score":0.966310,"text":"HIGH SCORE"},{"box":[1070,176,51,19],"score":0.999929,"text":"RANK"},{"box":[1133,21,39,35],"score":0.814535,"text":"=↑"},{"box":[1136,643,54,30],"score":0.999996,"text":"确定"},{"box":[1165,561,67,18],"score":0.999996,"text":"EXPERT"},{"box":[1176,530,42,33],"score":0.999998,"text":"20"},{"box":[1181,262,23,25],"score":0.346251,"text":"並"}]] [filtered_results_=[{"box":[226,26,91,24],"score":0.999967,"text":"乐曲选择"}]] [best_result_={"box":[226,26,91,24],"score":0.999967,"text":"乐曲选择"}] [cost=628ms] [param_.model=] [param_.only_rec=false] [param_.expected=["乐曲选择"]] 
[2026-09-30 02:38:40.235][INF][Px23360][Tx36286][Recognizer.cpp][L103][MaaNS::TaskNS::Recognizer::recognize] reco [result={"algorithm":"OCR","box":[226,26,91,24],"detail":{"all":[{"box":[8,280,50,29],"score":0.958394,"text":"NEW"},{"box":[8,361,50,29],"score":0.983431,"text":"NEW"},{"box":[8,600,50,30],"score":0.982018,"text":"NEW"},{"box":[9,440,49,29],"score":0.943990,"text":"NEW"},{"box":[9,524,49,25],"score":0.997437,"text":"NEW"},{"box":[22,202,50,26],"score":0.995122,"text":"NEW"},{"box":[26,287,107,61],"score":0.567978,"text":"60t"},{"box":[29,129,35,28],"score":0.776393,"text":"t"},{"box":[34,546,90,29],"score":0.968515,"text":"millsage*"},{"box":[37,626,84,29],"score":0.546074,"text":"TitbRocy"},{"box":[41,467,80,14],"score":0.682036,"text":"梦隆大"},{"box":[41,479,80,18],"score":0.982809,"text":"MewType"},{"box":[46,391,76,28],"score":0.815571,"text":"eMigica"},{"box":[70,228,50,26],"score":0.999949,"text":"ALL"},{"box":[76,127,61,30],"score":0.999991,"text":"全部"},{"box":[208,547,72,48],"score":0.794244,"text":"步拾这"},{"box":[210,332,102,25],"score":0.657506,"text":"bubai"},{"box":[213,352,99,22],"score":0.000000,"text":""},{"box":[226,26,91,24],"score":0.999967,"text":"乐曲选择"},{"box":[232,199,29,11],"score":0.495191,"text":"黑色酒"},{"box":[285,133,60,31],"score":0.999650,"text":"Lv.21"},{"box":[285,235,59,31],"score":0.999826,"text":"Lv.18"},{"box":[285,477,55,31],"score":0.999768,"text":"Lv.17"},{"box":[285,579,59,31],"score":0.999795,"text":"Lv.19"},{"box":[285,681,59,31],"score":0.999654,"text":"Lv.19"},{"box":[328,361,62,36],"score":0.999745,"text":"Lv.15"},{"box":[328,440,73,28],"score":0.999588,"text":"無路矢"},{"box":[329,96,72,28],"score":0.988185,"text":"壱雫空"},{"box":[329,197,72,28],"score":0.999989,"text":"影色舞"},{"box":[329,542,72,28],"score":0.897172,"text":"歩拾道"},{"box":[329,644,71,28],"score":0.999992,"text":"端程山"},{"box":[373,308,305,33],"score":0.959180,"text":"春日影(MyGO!!!! ver.)"},{"box":[444,686,21,22],"score":0.941693,"text":"X"},{"box":[446,141,15,15],"score":0.813607,"text":"X"},{"box":[446,243,16,16],"score":0.898705,"text":"X"},{"box":[557,30,104,33],"score":0.999998,"text":"46672"},{"box":[573,13,129,17],"score":0.999964,"text":"HIGHSCORERATING"},{"box":[617,365,75,29],"score":0.954790,"text":"MV"},{"box":[629,138,63,26],"score":0.936260,"text":"MV"},{"box":[629,240,63,24],"score":0.985441,"text":"MV"},{"box":[629,483,63,23],"score":0.981984,"text":"MV"},{"box":[629,585,63,23],"score":0.979254,"text":"MV"},{"box":[629,688,64,24],"score":0.910292,"text":"MV"},{"box":[749,468,44,20],"score":0.999996,"text":"Band"},{"box":[754,26,15,24],"score":0.784311,"text":"•i"},{"box":[782,559,48,20],"score":0.999985,"text":"EASY"},{"box":[784,420,402,40],"score":0.965988,"text":"春日影 (MyGO!!!!! ver.)"},{"box":[796,533,21,28],"score":0.999983,"text":"6"},{"box":[797,465,89,23],"score":0.994840,"text":"MyGO!!!!!"},{"box":[850,165,75,157],"score":0.999185,"text":"春日影"},{"box":[864,354,45,13],"score":0.975309,"text":"MyGO!!!!!"},{"box":[897,558,76,23],"score":0.987323,"text":"NORMAL"},{"box":[924,533,25,28],"score":0.999966,"text":"11"},{"box":[929,648,73,23],"score":0.999877,"text":"随机选曲"},{"box":[1013,25,45,25],"score":0.999607,"text":"默认"},{"box":[1041,561,51,18],"score":0.999731,"text":"HARD"},{"box":[1048,529,38,34],"score":0.999996,"text":"15"},{"box":[1058,120,28,38],"score":0.999766,"text":"0"},{"box":[1058,311,87,18],"score":0.991433,"text":"#MyGO!!!!!"},{"box":[1070,93,102,19],"score":0.966310,"text":"HIGH SCORE"},{"box":[1070,176,51,19],"score":0.999929,"text":"RANK"},{"box":[1133,21,39,35],"score":0.814535,"text":"=↑"},{"box":[1136,643,54,30],"score":0.999996,"text":"确定"},{"box":[1165,561,67,18],"score":0.999996,"text":"EXPERT"},{"box":[1176,530,42,33],"score":0.999998,"text":"20"},{"box":[1181,262,23,25],"score":0.346251,"text":"並"}],"best":{"box":[226,26,91,24],"score":0.999967,"text":"乐曲选择"},"filtered":[{"box":[226,26,91,24],"score":0.999967,"text":"乐曲选择"}]},"name":"OurNotes_SelectSong","reco_id":400000005}] 
[2026-09-30 02:38:40.235][INF][Px23360][Tx36286][Utils/EventDispatcher.hpp][L65][MaaNS::EventDispatcher::notify] !!!OnEventNotify!!! [handle=true] [msg=Node.Recognition.Succeeded] [details={"focus":null,"name":"OurNotes_SelectSong","reco_details":{"algorithm":"OCR","box":[226,26,91,24],"detail":{"all":[{"box":[8,280,50,29],"score":0.958394,"text":"NEW"},{"box":[8,361,50,29],"score":0.983431,"text":"NEW"},{"box":[8,600,50,30],"score":0.982018,"text":"NEW"},{"box":[9,440,49,29],"score":0.943990,"text":"NEW"},{"box":[9,524,49,25],"score":0.997437,"text":"NEW"},{"box":[22,202,50,26],"score":0.995122,"text":"NEW"},{"box":[26,287,107,61],"score":0.567978,"text":"60t"},{"box":[29,129,35,28],"score":0.776393,"text":"t"},{"box":[34,546,90,29],"score":0.968515,"text":"millsage*"},{"box":[37,626,84,29],"score":0.546074,"text":"TitbRocy"},{"box":[41,467,80,14],"score":0.682036,"text":"梦隆大"},{"box":[41,479,80,18],"score":0.982809,"text":"MewType"},{"box":[46,391,76,28],"score":0.815571,"text":"eMigica"},{"box":[70,228,50,26],"score":0.999949,"text":"ALL"},{"box":[76,127,61,30],"score":0.999991,"text":"全部"},{"box":[208,547,72,48],"score":0.794244,"text":"步拾这"},{"box":[210,332,102,25],"score":0.657506,"text":"bubai"},{"box":[213,352,99,22],"score":0.000000,"text":""},{"box":[226,26,91,24],"score":0.999967,"text":"乐曲选择"},{"box":[232,199,29,11],"score":0.495191,"text":"黑色酒"},{"box":[285,133,60,31],"score":0.999650,"text":"Lv.21"},{"box":[285,235,59,31],"score":0.999826,"text":"Lv.18"},{"box":[285,477,55,31],"score":0.999768,"text":"Lv.17"},{"box":[285,579,59,31],"score":0.999795,"text":"Lv.19"},{"box":[285,681,59,31],"score":0.999654,"text":"Lv.19"},{"box":[328,361,62,36],"score":0.999745,"text":"Lv.15"},{"box":[328,440,73,28],"score":0.999588,"text":"無路矢"},{"box":[329,96,72,28],"score":0.988185,"text":"壱雫空"},{"box":[329,197,72,28],"score":0.999989,"text":"影色舞"},{"box":[329,542,72,28],"score":0.897172,"text":"歩拾道"},{"box":[329,644,71,28],"score":0.999992,"text":"端程山"},{"box":[373,308,305,33],"score":0.959180,"text":"春日影(MyGO!!!! ver.)"},{"box":[444,686,21,22],"score":0.941693,"text":"X"},{"box":[446,141,15,15],"score":0.813607,"text":"X"},{"box":[446,243,16,16],"score":0.898705,"text":"X"},{"box":[557,30,104,33],"score":0.999998,"text":"46672"},{"box":[573,13,129,17],"score":0.999964,"text":"HIGHSCORERATING"},{"box":[617,365,75,29],"score":0.954790,"text":"MV"},{"box":[629,138,63,26],"score":0.936260,"text":"MV"},{"box":[629,240,63,24],"score":0.985441,"text":"MV"},{"box":[629,483,63,23],"score":0.981984,"text":"MV"},{"box":[629,585,63,23],"score":0.979254,"text":"MV"},{"box":[629,688,64,24],"score":0.910292,"text":"MV"},{"box":[749,468,44,20],"score":0.999996,"text":"Band"},{"box":[754,26,15,24],"score":0.784311,"text":"•i"},{"box":[782,559,48,20],"score":0.999985,"text":"EASY"},{"box":[784,420,402,40],"score":0.965988,"text":"春日影 (MyGO!!!!! ver.)"},{"box":[796,533,21,28],"score":0.999983,"text":"6"},{"box":[797,465,89,23],"score":0.994840,"text":"MyGO!!!!!"},{"box":[850,165,75,157],"score":0.999185,"text":"春日影"},{"box":[864,354,45,13],"score":0.975309,"text":"MyGO!!!!!"},{"box":[897,558,76,23],"score":0.987323,"text":"NORMAL"},{"box":[924,533,25,28],"score":0.999966,"text":"11"},{"box":[929,648,73,23],"score":0.999877,"text":"随机选曲"},{"box":[1013,25,45,25],"score":0.999607,"text":"默认"},{"box":[1041,561,51,18],"score":0.999731,"text":"HARD"},{"box":[1048,529,38,34],"score":0.999996,"text":"15"},{"box":[1058,120,28,38],"score":0.999766,"text":"0"},{"box":[1058,311,87,18],"score":0.991433,"text":"#MyGO!!!!!"},{"box":[1070,93,102,19],"score":0.966310,"text":"HIGH SCORE"},{"box":[1070,176,51,19],"score":0.999929,"text":"RANK"},{"box":[1133,21,39,35],"score":0.814535,"text":"=↑"},{"box":[1136,643,54,30],"score":0.999996,"text":"确定"},{"box":[1165,561,67,18],"score":0.999996,"text":"EXPERT"},{"box":[1176,530,42,33],"score":0.999998,"text":"20"},{"box":[1181,262,23,25],"score":0.346251,"text":"並"}],"best":{"box":[226,26,91,24],"score":0.999967,"text":"乐曲选择"},"filtered":[{"box":[226,26,91,24],"score":0.999967,"text":"乐曲选择"}]},"name":"OurNotes_SelectSong","reco_id":400000005},"reco_id":400000005,"task_id":200000001}] 
[2026-09-30 02:38:40.235][TRC][Px23360][Tx36286][TaskBase.cpp][L61][MaaNS::TaskNS::TaskBase::run_recognition] | leave, 629ms 
[2026-09-30 02:38:40.235][INF][Px23360][Tx36286][PipelineTask.cpp][L312][MaaNS::TaskNS::PipelineTask::recognize_list] reco hit [result.name=OurNotes_SelectSong] [result.box=[226,26,91,24]] 
[2026-09-30 02:38:40.235][INF][Px23360][Tx36286][Utils/EventDispatcher.hpp][L65][MaaNS::EventDispatcher::notify] !!!OnEventNotify!!! [handle=true] [msg=Node.NextList.Succeeded] [details={"focus":null,"list":[{"anchor":false,"jump_back":false,"name":"OurNotes_SelectSong"}],"name":"OurNotes_SelectLiveMode","task_id":200000001}] 
[2026-09-30 02:38:40.235][TRC][Px23360][Tx36286][PipelineTask.cpp][L250][MaaNS::TaskNS::PipelineTask::recognize_list] | leave, 629ms 
[2026-09-30 02:38:40.236][DBG][Px23360][Tx36286][TaskBase.cpp][L215][MaaNS::TaskNS::TaskBase::sleep] 200ms 
[2026-09-30 02:38:40.436][INF][Px23360][Tx36286][Utils/EventDispatcher.hpp][L65][MaaNS::EventDispatcher::notify] !!!OnEventNotify!!! [handle=true] [msg=Node.Action.Starting] [details={"action_id":500000003,"focus":null,"name":"OurNotes_SelectSong","task_id":200000001}] 
[2026-09-30 02:38:40.436][TRC][Px23360][Tx36286][Actuator.cpp][L27][MaaNS::TaskNS::Actuator::run] [pipeline_data.name=OurNotes_SelectSong] 
[2026-09-30 02:38:40.436][INF][Px23360][Tx36286][TaskBase.cpp][L137][MaaNS::TaskNS::TaskBase::run_action] action [i=0] [data.repeat=1] [result={"action":"DoNothing","action_id":500000003,"box":[0,0,0,0],"detail":{},"name":"OurNotes_SelectSong","success":true}] 
[2026-09-30 02:38:40.436][INF][Px23360][Tx36286][Utils/EventDispatcher.hpp][L65][MaaNS::EventDispatcher::notify] !!!OnEventNotify!!! [handle=true] [msg=Node.Action.Succeeded] [details={"action_details":{"action":"DoNothing","action_id":500000003,"box":[0,0,0,0],"detail":{},"name":"OurNotes_SelectSong","success":true},"action_id":500000003,"focus":null,"name":"OurNotes_SelectSong","task_id":200000001}] 
[2026-09-30 02:38:40.436][DBG][Px23360][Tx36286][TaskBase.cpp][L215][MaaNS::TaskNS::TaskBase::sleep] 200ms 
[2026-09-30 02:38:40.637][INF][Px23360][Tx36286][PipelineTask.cpp][L224][MaaNS::TaskNS::PipelineTask::run_next] PipelineTask node done [result={"action_id":500000003,"completed":true,"name":"OurNotes_SelectSong","node_id":300000003,"reco_id":400000005}] [task_id_=200000001] 
[2026-09-30 02:38:40.637][INF][Px23360][Tx36286][Utils/EventDispatcher.hpp][L65][MaaNS::EventDispatcher::notify] !!!OnEventNotify!!! [handle=true] [msg=Node.PipelineNode.Succeeded] [details={"action_details":{"action":"DoNothing","action_id":500000003,"box":[0,0,0,0],"detail":{},"name":"OurNotes_SelectSong","success":true},"focus":null,"name":"OurNotes_SelectLiveMode","node_details":{"action_id":500000003,"completed":true,"name":"OurNotes_SelectSong","node_id":300000003,"reco_id":400000005},"node_id":300000003,"reco_details":{"algorithm":"OCR","box":[226,26,91,24],"detail":{"all":[{"box":[8,280,50,29],"score":0.958394,"text":"NEW"},{"box":[8,361,50,29],"score":0.983431,"text":"NEW"},{"box":[8,600,50,30],"score":0.982018,"text":"NEW"},{"box":[9,440,49,29],"score":0.943990,"text":"NEW"},{"box":[9,524,49,25],"score":0.997437,"text":"NEW"},{"box":[22,202,50,26],"score":0.995122,"text":"NEW"},{"box":[26,287,107,61],"score":0.567978,"text":"60t"},{"box":[29,129,35,28],"score":0.776393,"text":"t"},{"box":[34,546,90,29],"score":0.968515,"text":"millsage*"},{"box":[37,626,84,29],"score":0.546074,"text":"TitbRocy"},{"box":[41,467,80,14],"score":0.682036,"text":"梦隆大"},{"box":[41,479,80,18],"score":0.982809,"text":"MewType"},{"box":[46,391,76,28],"score":0.815571,"text":"eMigica"},{"box":[70,228,50,26],"score":0.999949,"text":"ALL"},{"box":[76,127,61,30],"score":0.999991,"text":"全部"},{"box":[208,547,72,48],"score":0.794244,"text":"步拾这"},{"box":[210,332,102,25],"score":0.657506,"text":"bubai"},{"box":[213,352,99,22],"score":0.000000,"text":""},{"box":[226,26,91,24],"score":0.999967,"text":"乐曲选择"},{"box":[232,199,29,11],"score":0.495191,"text":"黑色酒"},{"box":[285,133,60,31],"score":0.999650,"text":"Lv.21"},{"box":[285,235,59,31],"score":0.999826,"text":"Lv.18"},{"box":[285,477,55,31],"score":0.999768,"text":"Lv.17"},{"box":[285,579,59,31],"score":0.999795,"text":"Lv.19"},{"box":[285,681,59,31],"score":0.999654,"text":"Lv.19"},{"box":[328,361,62,36],"score":0.999745,"text":"Lv.15"},{"box":[328,440,73,28],"score":0.999588,"text":"無路矢"},{"box":[329,96,72,28],"score":0.988185,"text":"壱雫空"},{"box":[329,197,72,28],"score":0.999989,"text":"影色舞"},{"box":[329,542,72,28],"score":0.897172,"text":"歩拾道"},{"box":[329,644,71,28],"score":0.999992,"text":"端程山"},{"box":[373,308,305,33],"score":0.959180,"text":"春日影(MyGO!!!! ver.)"},{"box":[444,686,21,22],"score":0.941693,"text":"X"},{"box":[446,141,15,15],"score":0.813607,"text":"X"},{"box":[446,243,16,16],"score":0.898705,"text":"X"},{"box":[557,30,104,33],"score":0.999998,"text":"46672"},{"box":[573,13,129,17],"score":0.999964,"text":"HIGHSCORERATING"},{"box":[617,365,75,29],"score":0.954790,"text":"MV"},{"box":[629,138,63,26],"score":0.936260,"text":"MV"},{"box":[629,240,63,24],"score":0.985441,"text":"MV"},{"box":[629,483,63,23],"score":0.981984,"text":"MV"},{"box":[629,585,63,23],"score":0.979254,"text":"MV"},{"box":[629,688,64,24],"score":0.910292,"text":"MV"},{"box":[749,468,44,20],"score":0.999996,"text":"Band"},{"box":[754,26,15,24],"score":0.784311,"text":"•i"},{"box":[782,559,48,20],"score":0.999985,"text":"EASY"},{"box":[784,420,402,40],"score":0.965988,"text":"春日影 (MyGO!!!!! ver.)"},{"box":[796,533,21,28],"score":0.999983,"text":"6"},{"box":[797,465,89,23],"score":0.994840,"text":"MyGO!!!!!"},{"box":[850,165,75,157],"score":0.999185,"text":"春日影"},{"box":[864,354,45,13],"score":0.975309,"text":"MyGO!!!!!"},{"box":[897,558,76,23],"score":0.987323,"text":"NORMAL"},{"box":[924,533,25,28],"score":0.999966,"text":"11"},{"box":[929,648,73,23],"score":0.999877,"text":"随机选曲"},{"box":[1013,25,45,25],"score":0.999607,"text":"默认"},{"box":[1041,561,51,18],"score":0.999731,"text":"HARD"},{"box":[1048,529,38,34],"score":0.999996,"text":"15"},{"box":[1058,120,28,38],"score":0.999766,"text":"0"},{"box":[1058,311,87,18],"score":0.991433,"text":"#MyGO!!!!!"},{"box":[1070,93,102,19],"score":0.966310,"text":"HIGH SCORE"},{"box":[1070,176,51,19],"score":0.999929,"text":"RANK"},{"box":[1133,21,39,35],"score":0.814535,"text":"=↑"},{"box":[1136,643,54,30],"score":0.999996,"text":"确定"},{"box":[1165,561,67,18],"score":0.999996,"text":"EXPERT"},{"box":[1176,530,42,33],"score":0.999998,"text":"20"},{"box":[1181,262,23,25],"score":0.346251,"text":"並"}],"best":{"box":[226,26,91,24],"score":0.999967,"text":"乐曲选择"},"filtered":[{"box":[226,26,91,24],"score":0.999967,"text":"乐曲选择"}]},"name":"OurNotes_SelectSong","reco_id":400000005},"task_id":200000001}] 
[2026-09-30 02:38:40.637][INF][Px23360][Tx36286][Utils/EventDispatcher.hpp][L65][MaaNS::EventDispatcher::notify] !!!OnEventNotify!!! [handle=true] [msg=Node.PipelineNode.Starting] [details={"focus":null,"name":"OurNotes_SelectSong","node_id":300000004,"task_id":200000001}] 
[2026-09-30 02:38:40.643][DBG][Px23360][Tx36286][PipelineTask.cpp][L250][MaaNS::TaskNS::PipelineTask::recognize_list] [cur_node_=OurNotes_SelectSong] [list=[{"anchor":false,"jump_back":false,"name":"OurNotes_RandomSong"},{"anchor":false,"jump_back":false,"name":"OurNotes_SetDifficulty"},{"anchor":false,"jump_back":false,"name":"OurNotes_SelectSong"}]] | enter 
[2026-09-30 02:38:40.643][INF][Px23360][Tx36286][Utils/EventDispatcher.hpp][L65][MaaNS::EventDispatcher::notify] !!!OnEventNotify!!! [handle=true] [msg=Node.NextList.Starting] [details={"focus":null,"list":[{"anchor":false,"jump_back":false,"name":"OurNotes_RandomSong"},{"anchor":false,"jump_back":false,"name":"OurNotes_SetDifficulty"},{"anchor":false,"jump_back":false,"name":"OurNotes_SelectSong"}],"name":"OurNotes_SelectSong","task_id":200000001}] 
[2026-09-30 02:38:40.643][DBG][Px23360][Tx36286][Context.cpp][L328][MaaNS::TaskNS::Context::get_pipeline_data] found in override [node_name=OurNotes_SetDifficulty] 
[2026-09-30 02:38:40.643][DBG][Px23360][Tx36286][PipelineTask.cpp][L363][MaaNS::TaskNS::PipelineTask::prepare_batch_ocr] batch OCR not needed, eligible OCR nodes < 2 [ctx.plan.entries.size()=1] 
[2026-09-30 02:38:40.643][DBG][Px23360][Tx36286][TaskBase.cpp][L61][MaaNS::TaskNS::TaskBase::run_recognition] [cur_node_=OurNotes_SelectSong] [data.name=OurNotes_RandomSong] | enter 
[2026-09-30 02:38:40.643][INF][Px23360][Tx36286][Utils/EventDispatcher.hpp][L65][MaaNS::EventDispatcher::notify] !!!OnEventNotify!!! [handle=true] [msg=Node.Recognition.Starting] [details={"focus":null,"name":"OurNotes_RandomSong","reco_id":400000006,"task_id":200000001}] 
[2026-09-30 02:38:40.643][DBG][Px23360][Tx36286][TemplateResMgr.cpp][L65][MaaNS::ResourceNS::TemplateResMgr::load] [name=ournotes/random_song.png] [roots_=["","assets/resource/image"]] | enter 
[2026-09-30 02:38:40.643][DBG][Px23360][Tx36286][TemplateResMgr.cpp][L90][MaaNS::ResourceNS::TemplateResMgr::load] [path=assets/resource/image/ournotes/random_song.png] 
[2026-09-30 02:38:40.643][DBG][Px23360][Tx36286][TemplateResMgr.cpp][L72][MaaNS::ResourceNS::TemplateResMgr::load::<lambda_1>::operator ()] [path=assets/resource/image/ournotes/random_song.png] 
[2026-09-30 02:38:40.644][TRC][Px23360][Tx36286][TemplateResMgr.cpp][L65][MaaNS::ResourceNS::TemplateResMgr::load] | leave, 0ms 
[2026-09-30 02:38:40.739][DBG][Px23360][Tx36286][TemplateMatcher.cpp][L45][MaaNS::VisionNS::TemplateMatcher::analyze] OurNotes_RandomSong [all_results_=[{"box":[194,530,102,42],"score":0.513381},{"box":[319,436,102,42],"score":0.500905},{"box":[401,441,102,42],"score":0.514482},{"box":[581,440,102,42],"score":0.563213},{"box":[915,641,102,42],"score":1.000000},{"box":[1051,167,102,42],"score":0.524890},{"box":[1056,84,102,42],"score":0.541593}]] [filtered_results_=[{"box":[915,641,102,42],"score":1.000000}]] [best_result_={"box":[915,641,102,42],"score":1.000000}] [cost=95ms] [param_.template_=["ournotes/random_song.png"]] [templates_.size()=1] [param_.thresholds=[0.700000]] [param_.method=5] [param_.green_mask=false] 
[2026-09-30 02:38:40.739][INF][Px23360][Tx36286][Recognizer.cpp][L103][MaaNS::TaskNS::Recognizer::recognize] reco [result={"algorithm":"TemplateMatch","box":[915,641,102,42],"detail":{"all":[{"box":[194,530,102,42],"score":0.513381},{"box":[319,436,102,42],"score":0.500905},{"box":[401,441,102,42],"score":0.514482},{"box":[581,440,102,42],"score":0.563213},{"box":[915,641,102,42],"score":1.000000},{"box":[1051,167,102,42],"score":0.524890},{"box":[1056,84,102,42],"score":0.541593}],"best":{"box":[915,641,102,42],"score":1.000000},"filtered":[{"box":[915,641,102,42],"score":1.000000}]},"name":"OurNotes_RandomSong","reco_id":400000006}] 
[2026-09-30 02:38:40.739][INF][Px23360][Tx36286][Utils/EventDispatcher.hpp][L65][MaaNS::EventDispatcher::notify] !!!OnEventNotify!!! [handle=true] [msg=Node.Recognition.Succeeded] [details={"focus":null,"name":"OurNotes_RandomSong","reco_details":{"algorithm":"TemplateMatch","box":[915,641,102,42],"detail":{"all":[{"box":[194,530,102,42],"score":0.513381},{"box":[319,436,102,42],"score":0.500905},{"box":[401,441,102,42],"score":0.514482},{"box":[581,440,102,42],"score":0.563213},{"box":[915,641,102,42],"score":1.000000},{"box":[1051,167,102,42],"score":0.524890},{"box":[1056,84,102,42],"score":0.541593}],"best":{"box":[915,641,102,42],"score":1.000000},"filtered":[{"box":[915,641,102,42],"score":1.000000}]},"name":"OurNotes_RandomSong","reco_id":400000006},"reco_id":400000006,"task_id":200000001}] 
[2026-09-30 02:38:40.739][TRC][Px23360][Tx36286][TaskBase.cpp][L61][MaaNS::TaskNS::TaskBase::run_recognition] | leave, 96ms 
[2026-09-30 02:38:40.739][INF][Px23360][Tx36286][PipelineTask.cpp][L312][MaaNS::TaskNS::PipelineTask::recognize_list] reco hit [result.name=OurNotes_RandomSong] [result.box=[915,641,102,42]] 
[2026-09-30 02:38:40.739][INF][Px23360][Tx36286][Utils/EventDispatcher.hpp][L65][MaaNS::EventDispatcher::notify] !!!OnEventNotify!!! [handle=true] [msg=Node.NextList.Succeeded] [details={"focus":null,"list":[{"anchor":false,"jump_back":false,"name":"OurNotes_RandomSong"},{"anchor":false,"jump_back":false,"name":"OurNotes_SetDifficulty"},{"anchor":false,"jump_back":false,"name":"OurNotes_SelectSong"}],"name":"OurNotes_SelectSong","task_id":200000001}] 
[2026-09-30 02:38:40.740][TRC][Px23360][Tx36286][PipelineTask.cpp][L250][MaaNS::TaskNS::PipelineTask::recognize_list] | leave, 97ms 
[2026-09-30 02:38:40.740][DBG][Px23360][Tx36286][TaskBase.cpp][L215][MaaNS::TaskNS::TaskBase::sleep] 200ms 
[2026-09-30 02:38:40.941][INF][Px23360][Tx36286][Utils/EventDispatcher.hpp][L65][MaaNS::EventDispatcher::notify] !!!OnEventNotify!!! [handle=true] [msg=Node.Action.Starting] [details={"action_id":500000004,"focus":null,"name":"OurNotes_RandomSong","task_id":200000001}] 
[2026-09-30 02:38:40.941][TRC][Px23360][Tx36286][Actuator.cpp][L27][MaaNS::TaskNS::Actuator::run] [pipeline_data.name=OurNotes_RandomSong] 
[2026-09-30 02:38:40.942][INF][Px23360][Tx57829][MuMuPlayerExtras.cpp][L133][MaaNS::CtrlUnitNs::MuMuPlayerExtras::touch_down] [contact=0] [x=974] [y=673] [pressure=1] [display_id=0] 
[2026-09-30 02:38:40.993][INF][Px23360][Tx57829][MuMuPlayerExtras.cpp][L180][MaaNS::CtrlUnitNs::MuMuPlayerExtras::touch_up] [contact=0] [display_id=0] 
[2026-09-30 02:38:40.993][INF][Px23360][Tx36286][TaskBase.cpp][L137][MaaNS::TaskNS::TaskBase::run_action] action [i=0] [data.repeat=1] [result={"action":"Click","action_id":500000004,"box":[915,641,102,42],"detail":{"contact":0,"point":[974,673],"pressure":1},"name":"OurNotes_RandomSong","success":true}] 
[2026-09-30 02:38:40.993][INF][Px23360][Tx36286][Utils/EventDispatcher.hpp][L65][MaaNS::EventDispatcher::notify] !!!OnEventNotify!!! [handle=true] [msg=Node.Action.Succeeded] [details={"action_details":{"action":"Click","action_id":500000004,"box":[915,641,102,42],"detail":{"contact":0,"point":[974,673],"pressure":1},"name":"OurNotes_RandomSong","success":true},"action_id":500000004,"focus":null,"name":"OurNotes_RandomSong","task_id":200000001}] 
[2026-09-30 02:38:40.993][DBG][Px23360][Tx36286][TaskBase.cpp][L215][MaaNS::TaskNS::TaskBase::sleep] 2000ms 
[2026-09-30 02:38:42.994][INF][Px23360][Tx36286][PipelineTask.cpp][L224][MaaNS::TaskNS::PipelineTask::run_next] PipelineTask node done [result={"action_id":500000004,"completed":true,"name":"OurNotes_RandomSong","node_id":300000004,"reco_id":400000006}] [task_id_=200000001] 
[2026-09-30 02:38:42.994][INF][Px23360][Tx36286][Utils/EventDispatcher.hpp][L65][MaaNS::EventDispatcher::notify] !!!OnEventNotify!!! [handle=true] [msg=Node.PipelineNode.Succeeded] [details={"action_details":{"action":"Click","action_id":500000004,"box":[915,641,102,42],"detail":{"contact":0,"point":[974,673],"pressure":1},"name":"OurNotes_RandomSong","success":true},"focus":null,"name":"OurNotes_SelectSong","node_details":{"action_id":500000004,"completed":true,"name":"OurNotes_RandomSong","node_id":300000004,"reco_id":400000006},"node_id":300000004,"reco_details":{"algorithm":"TemplateMatch","box":[915,641,102,42],"detail":{"all":[{"box":[194,530,102,42],"score":0.513381},{"box":[319,436,102,42],"score":0.500905},{"box":[401,441,102,42],"score":0.514482},{"box":[581,440,102,42],"score":0.563213},{"box":[915,641,102,42],"score":1.000000},{"box":[1051,167,102,42],"score":0.524890},{"box":[1056,84,102,42],"score":0.541593}],"best":{"box":[915,641,102,42],"score":1.000000},"filtered":[{"box":[915,641,102,42],"score":1.000000}]},"name":"OurNotes_RandomSong","reco_id":400000006},"task_id":200000001}] 
[2026-09-30 02:38:42.994][DBG][Px23360][Tx36286][Context.cpp][L328][MaaNS::TaskNS::Context::get_pipeline_data] found in override [node_name=OurNotes_SetDifficulty] 
[2026-09-30 02:38:42.994][INF][Px23360][Tx36286][Utils/EventDispatcher.hpp][L65][MaaNS::EventDispatcher::notify] !!!OnEventNotify!!! [handle=true] [msg=Node.PipelineNode.Starting] [details={"focus":null,"name":"OurNotes_RandomSong","node_id":300000005,"task_id":200000001}] 
[2026-09-30 02:38:43.000][DBG][Px23360][Tx36286][PipelineTask.cpp][L250][MaaNS::TaskNS::PipelineTask::recognize_list] [cur_node_=OurNotes_RandomSong] [list=[{"anchor":false,"jump_back":false,"name":"OurNotes_SetDifficulty"},{"anchor":false,"jump_back":false,"name":"OurNotes_RandomSong"}]] | enter 
[2026-09-30 02:38:43.000][INF][Px23360][Tx36286][Utils/EventDispatcher.hpp][L65][MaaNS::EventDispatcher::notify] !!!OnEventNotify!!! [handle=true] [msg=Node.NextList.Starting] [details={"focus":null,"list":[{"anchor":false,"jump_back":false,"name":"OurNotes_SetDifficulty"},{"anchor":false,"jump_back":false,"name":"OurNotes_RandomSong"}],"name":"OurNotes_RandomSong","task_id":200000001}] 
[2026-09-30 02:38:43.000][DBG][Px23360][Tx36286][Context.cpp][L328][MaaNS::TaskNS::Context::get_pipeline_data] found in override [node_name=OurNotes_SetDifficulty] 
[2026-09-30 02:38:43.000][DBG][Px23360][Tx36286][PipelineTask.cpp][L363][MaaNS::TaskNS::PipelineTask::prepare_batch_ocr] batch OCR not needed, eligible OCR nodes < 2 [ctx.plan.entries.size()=0] 
[2026-09-30 02:38:43.000][DBG][Px23360][Tx36286][Context.cpp][L328][MaaNS::TaskNS::Context::get_pipeline_data] found in override [node_name=OurNotes_SetDifficulty] 
[2026-09-30 02:38:43.000][DBG][Px23360][Tx36286][TaskBase.cpp][L61][MaaNS::TaskNS::TaskBase::run_recognition] [cur_node_=OurNotes_RandomSong] [data.name=OurNotes_SetDifficulty] | enter 
[2026-09-30 02:38:43.000][INF][Px23360][Tx36286][Utils/EventDispatcher.hpp][L65][MaaNS::EventDispatcher::notify] !!!OnEventNotify!!! [handle=true] [msg=Node.Recognition.Starting] [details={"focus":null,"name":"OurNotes_SetDifficulty","reco_id":400000007,"task_id":200000001}] 
[2026-09-30 02:38:43.000][DBG][Px23360][Tx36286][TemplateResMgr.cpp][L65][MaaNS::ResourceNS::TemplateResMgr::load] [name=ournotes/difficulty/hard_active.png] [roots_=["","assets/resource/image"]] | enter 
[2026-09-30 02:38:43.000][DBG][Px23360][Tx36286][TemplateResMgr.cpp][L90][MaaNS::ResourceNS::TemplateResMgr::load] [path=assets/resource/image/ournotes/difficulty/hard_active.png] 
[2026-09-30 02:38:43.000][DBG][Px23360][Tx36286][TemplateResMgr.cpp][L72][MaaNS::ResourceNS::TemplateResMgr::load::<lambda_1>::operator ()] [path=assets/resource/image/ournotes/difficulty/hard_active.png] 
[2026-09-30 02:38:43.001][TRC][Px23360][Tx36286][TemplateResMgr.cpp][L65][MaaNS::ResourceNS::TemplateResMgr::load] | leave, 0ms 
[2026-09-30 02:38:43.001][DBG][Px23360][Tx36286][TemplateResMgr.cpp][L65][MaaNS::ResourceNS::TemplateResMgr::load] [name=ournotes/difficulty/hard_inactive.png] [roots_=["","assets/resource/image"]] | enter 
[2026-09-30 02:38:43.001][DBG][Px23360][Tx36286][TemplateResMgr.cpp][L90][MaaNS::ResourceNS::TemplateResMgr::load] [path=assets/resource/image/ournotes/difficulty/hard_inactive.png] 
[2026-09-30 02:38:43.001][DBG][Px23360][Tx36286][TemplateResMgr.cpp][L72][MaaNS::ResourceNS::TemplateResMgr::load::<lambda_1>::operator ()] [path=assets/resource/image/ournotes/difficulty/hard_inactive.png] 
[2026-09-30 02:38:43.001][TRC][Px23360][Tx36286][TemplateResMgr.cpp][L65][MaaNS::ResourceNS::TemplateResMgr::load] | leave, 0ms 
[2026-09-30 02:38:43.167][DBG][Px23360][Tx36286][TemplateMatcher.cpp][L45][MaaNS::VisionNS::TemplateMatcher::analyze] OurNotes_SetDifficulty [all_results_=[{"box":[774,562,64,20],"score":0.604423},{"box":[893,562,64,20],"score":0.601157},{"box":[1040,561,54,19],"score":0.999970},{"box":[1068,177,54,19],"score":0.513824},{"box":[1171,562,64,20],"score":0.501178}]] [filtered_results_=[{"box":[1040,561,54,19],"score":0.999970}]] [best_result_={"box":[1040,561,54,19],"score":0.999970}] [cost=165ms] [param_.template_=["ournotes/difficulty/hard_active.png","ournotes/difficulty/hard_inactive.png"]] [templates_.size()=2] [param_.thresholds=[0.700000]] [param_.method=5] [param_.green_mask=false] 
[2026-09-30 02:38:43.167][INF][Px23360][Tx36286][Recognizer.cpp][L103][MaaNS::TaskNS::Recognizer::recognize] reco [result={"algorithm":"TemplateMatch","box":[1040,561,54,19],"detail":{"all":[{"box":[774,562,64,20],"score":0.604423},{"box":[893,562,64,20],"score":0.601157},{"box":[1040,561,54,19],"score":0.999970},{"box":[1068,177,54,19],"score":0.513824},{"box":[1171,562,64,20],"score":0.501178}],"best":{"box":[1040,561,54,19],"score":0.999970},"filtered":[{"box":[1040,561,54,19],"score":0.999970}]},"name":"OurNotes_SetDifficulty","reco_id":400000007}] 
[2026-09-30 02:38:43.167][INF][Px23360][Tx36286][Utils/EventDispatcher.hpp][L65][MaaNS::EventDispatcher::notify] !!!OnEventNotify!!! [handle=true] [msg=Node.Recognition.Succeeded] [details={"focus":null,"name":"OurNotes_SetDifficulty","reco_details":{"algorithm":"TemplateMatch","box":[1040,561,54,19],"detail":{"all":[{"box":[774,562,64,20],"score":0.604423},{"box":[893,562,64,20],"score":0.601157},{"box":[1040,561,54,19],"score":0.999970},{"box":[1068,177,54,19],"score":0.513824},{"box":[1171,562,64,20],"score":0.501178}],"best":{"box":[1040,561,54,19],"score":0.999970},"filtered":[{"box":[1040,561,54,19],"score":0.999970}]},"name":"OurNotes_SetDifficulty","reco_id":400000007},"reco_id":400000007,"task_id":200000001}] 
[2026-09-30 02:38:43.167][TRC][Px23360][Tx36286][TaskBase.cpp][L61][MaaNS::TaskNS::TaskBase::run_recognition] | leave, 166ms 
[2026-09-30 02:38:43.167][INF][Px23360][Tx36286][PipelineTask.cpp][L312][MaaNS::TaskNS::PipelineTask::recognize_list] reco hit [result.name=OurNotes_SetDifficulty] [result.box=[1040,561,54,19]] 
[2026-09-30 02:38:43.167][INF][Px23360][Tx36286][Utils/EventDispatcher.hpp][L65][MaaNS::EventDispatcher::notify] !!!OnEventNotify!!! [handle=true] [msg=Node.NextList.Succeeded] [details={"focus":null,"list":[{"anchor":false,"jump_back":false,"name":"OurNotes_SetDifficulty"},{"anchor":false,"jump_back":false,"name":"OurNotes_RandomSong"}],"name":"OurNotes_RandomSong","task_id":200000001}] 
[2026-09-30 02:38:43.167][TRC][Px23360][Tx36286][PipelineTask.cpp][L250][MaaNS::TaskNS::PipelineTask::recognize_list] | leave, 167ms 
[2026-09-30 02:38:43.167][DBG][Px23360][Tx36286][Context.cpp][L328][MaaNS::TaskNS::Context::get_pipeline_data] found in override [node_name=OurNotes_SetDifficulty] 
[2026-09-30 02:38:43.167][DBG][Px23360][Tx36286][TaskBase.cpp][L215][MaaNS::TaskNS::TaskBase::sleep] 200ms 
[2026-09-30 02:38:43.368][INF][Px23360][Tx36286][Utils/EventDispatcher.hpp][L65][MaaNS::EventDispatcher::notify] !!!OnEventNotify!!! [handle=true] [msg=Node.Action.Starting] [details={"action_id":500000005,"focus":null,"name":"OurNotes_SetDifficulty","task_id":200000001}] 
[2026-09-30 02:38:43.368][TRC][Px23360][Tx36286][Actuator.cpp][L27][MaaNS::TaskNS::Actuator::run] [pipeline_data.name=OurNotes_SetDifficulty] 
[2026-09-30 02:38:43.368][INF][Px23360][Tx57829][MuMuPlayerExtras.cpp][L133][MaaNS::CtrlUnitNs::MuMuPlayerExtras::touch_down] [contact=0] [x=1046] [y=565] [pressure=1] [display_id=0] 
[2026-09-30 02:38:43.420][INF][Px23360][Tx57829][MuMuPlayerExtras.cpp][L180][MaaNS::CtrlUnitNs::MuMuPlayerExtras::touch_up] [contact=0] [display_id=0] 
[2026-09-30 02:38:43.420][INF][Px23360][Tx36286][TaskBase.cpp][L137][MaaNS::TaskNS::TaskBase::run_action] action [i=0] [data.repeat=1] [result={"action":"Click","action_id":500000005,"box":[1040,561,54,19],"detail":{"contact":0,"point":[1046,565],"pressure":1},"name":"OurNotes_SetDifficulty","success":true}] 
[2026-09-30 02:38:43.420][INF][Px23360][Tx36286][Utils/EventDispatcher.hpp][L65][MaaNS::EventDispatcher::notify] !!!OnEventNotify!!! [handle=true] [msg=Node.Action.Succeeded] [details={"action_details":{"action":"Click","action_id":500000005,"box":[1040,561,54,19],"detail":{"contact":0,"point":[1046,565],"pressure":1},"name":"OurNotes_SetDifficulty","success":true},"action_id":500000005,"focus":null,"name":"OurNotes_SetDifficulty","task_id":200000001}] 
[2026-09-30 02:38:43.420][DBG][Px23360][Tx36286][TaskBase.cpp][L215][MaaNS::TaskNS::TaskBase::sleep] 200ms 
[2026-09-30 02:38:43.620][INF][Px23360][Tx36286][PipelineTask.cpp][L224][MaaNS::TaskNS::PipelineTask::run_next] PipelineTask node done [result={"action_id":500000005,"completed":true,"name":"OurNotes_SetDifficulty","node_id":300000005,"reco_id":400000007}] [task_id_=200000001] 
[2026-09-30 02:38:43.620][INF][Px23360][Tx36286][Utils/EventDispatcher.hpp][L65][MaaNS::EventDispatcher::notify] !!!OnEventNotify!!! [handle=true] [msg=Node.PipelineNode.Succeeded] [details={"action_details":{"action":"Click","action_id":500000005,"box":[1040,561,54,19],"detail":{"contact":0,"point":[1046,565],"pressure":1},"name":"OurNotes_SetDifficulty","success":true},"focus":null,"name":"OurNotes_RandomSong","node_details":{"action_id":500000005,"completed":true,"name":"OurNotes_SetDifficulty","node_id":300000005,"reco_id":400000007},"node_id":300000005,"reco_details":{"algorithm":"TemplateMatch","box":[1040,561,54,19],"detail":{"all":[{"box":[774,562,64,20],"score":0.604423},{"box":[893,562,64,20],"score":0.601157},{"box":[1040,561,54,19],"score":0.999970},{"box":[1068,177,54,19],"score":0.513824},{"box":[1171,562,64,20],"score":0.501178}],"best":{"box":[1040,561,54,19],"score":0.999970},"filtered":[{"box":[1040,561,54,19],"score":0.999970}]},"name":"OurNotes_SetDifficulty","reco_id":400000007},"task_id":200000001}] 
[2026-09-30 02:38:43.620][DBG][Px23360][Tx36286][Context.cpp][L328][MaaNS::TaskNS::Context::get_pipeline_data] found in override [node_name=OurNotes_SetDifficulty] 
[2026-09-30 02:38:43.620][DBG][Px23360][Tx36286][Context.cpp][L328][MaaNS::TaskNS::Context::get_pipeline_data] found in override [node_name=OurNotes_SetDifficulty] 
[2026-09-30 02:38:43.620][INF][Px23360][Tx36286][Utils/EventDispatcher.hpp][L65][MaaNS::EventDispatcher::notify] !!!OnEventNotify!!! [handle=true] [msg=Node.PipelineNode.Starting] [details={"focus":null,"name":"OurNotes_SetDifficulty","node_id":300000006,"task_id":200000001}] 
[2026-09-30 02:38:43.626][DBG][Px23360][Tx36286][PipelineTask.cpp][L250][MaaNS::TaskNS::PipelineTask::recognize_list] [cur_node_=OurNotes_SetDifficulty] [list=[{"anchor":false,"jump_back":false,"name":"OurNotes_GetSongName"}]] | enter 
[2026-09-30 02:38:43.626][DBG][Px23360][Tx36286][Context.cpp][L328][MaaNS::TaskNS::Context::get_pipeline_data] found in override [node_name=OurNotes_SetDifficulty] 
[2026-09-30 02:38:43.626][INF][Px23360][Tx36286][Utils/EventDispatcher.hpp][L65][MaaNS::EventDispatcher::notify] !!!OnEventNotify!!! [handle=true] [msg=Node.NextList.Starting] [details={"focus":null,"list":[{"anchor":false,"jump_back":false,"name":"OurNotes_GetSongName"}],"name":"OurNotes_SetDifficulty","task_id":200000001}] 
[2026-09-30 02:38:43.626][DBG][Px23360][Tx36286][PipelineTask.cpp][L363][MaaNS::TaskNS::PipelineTask::prepare_batch_ocr] batch OCR not needed, eligible OCR nodes < 2 [ctx.plan.entries.size()=0] 
[2026-09-30 02:38:43.626][DBG][Px23360][Tx36286][TaskBase.cpp][L61][MaaNS::TaskNS::TaskBase::run_recognition] [cur_node_=OurNotes_SetDifficulty] [data.name=OurNotes_GetSongName] | enter 
[2026-09-30 02:38:43.626][INF][Px23360][Tx36286][Utils/EventDispatcher.hpp][L65][MaaNS::EventDispatcher::notify] !!!OnEventNotify!!! [handle=true] [msg=Node.Recognition.Starting] [details={"focus":null,"name":"OurNotes_GetSongName","reco_id":400000008,"task_id":200000001}] 
[2026-09-30 02:38:43.626][DBG][Px23360][Tx36286][CustomRecognition.cpp][L29][MaaNS::TaskNS::CustomRecognition::analyze] [context_.task_id()=200000001] [name_=OurNotes_GetSongName] [session_.recognition=true] [session_.trans_arg=true] [param_.name=SongRecognition] [param_.custom_param=null] | enter 
[2026-09-30 02:38:43.633][DBG][Px23360][Tx36286][MaaContext.cpp][L42][MaaContextRunRecognition] [context=true] [entry=_ocrsong_axiszpq] [pipeline_override={"_ocrsong_axiszpq": {"recognition": "OCR", "only_rec": true, "roi": [781, 428, 494, 35]}}] | enter 
[2026-09-30 02:38:43.633][TRC][Px23360][Tx36286][Context.cpp][L99][MaaNS::TaskNS::Context::run_recognition] [getptr()=000001A17BDE0A10] [entry=_ocrsong_axiszpq] [pipeline_override={"_ocrsong_axiszpq":{"only_rec":true,"recognition":"OCR","roi":[781,428,494,35]}}] 
[2026-09-30 02:38:43.633][DBG][Px23360][Tx36286][Context.cpp][L59][MaaNS::TaskNS::Context::Context] [other.getptr()=000001A17BDE0A10] 
[2026-09-30 02:38:43.633][TRC][Px23360][Tx36286][Context.cpp][L195][MaaNS::TaskNS::Context::override_pipeline] [getptr()=000001A191D1DD70] [pipeline_override={"_ocrsong_axiszpq":{"only_rec":true,"recognition":"OCR","roi":[781,428,494,35]}}] 
[2026-09-30 02:38:43.633][WRN][Px23360][Tx36286][Context.cpp][L348][MaaNS::TaskNS::Context::get_pipeline_data] task not found [node_name=_ocrsong_axiszpq] 
[2026-09-30 02:38:43.633][DBG][Px23360][Tx36286][PipelineParser.cpp][L188][MaaNS::ResourceNS::PipelineParser::parse_node] [name=_ocrsong_axiszpq] 
[2026-09-30 02:38:43.634][DBG][Px23360][Tx36286][RecognitionTask.cpp][L25][MaaNS::TaskNS::RecognitionTask::run_impl] [entry_=_ocrsong_axiszpq] [task_id_=200000002] | enter 
[2026-09-30 02:38:43.634][DBG][Px23360][Tx36286][Context.cpp][L328][MaaNS::TaskNS::Context::get_pipeline_data] found in override [node_name=_ocrsong_axiszpq] 
[2026-09-30 02:38:43.634][INF][Px23360][Tx36286][Utils/EventDispatcher.hpp][L65][MaaNS::EventDispatcher::notify] !!!OnEventNotify!!! [handle=true] [msg=Node.RecognitionNode.Starting] [details={"focus":null,"name":"_ocrsong_axiszpq","node_id":300000007,"task_id":200000002}] 
[2026-09-30 02:38:43.634][DBG][Px23360][Tx36286][TaskBase.cpp][L61][MaaNS::TaskNS::TaskBase::run_recognition] [cur_node_=_ocrsong_axiszpq] [data.name=_ocrsong_axiszpq] | enter 
[2026-09-30 02:38:43.634][INF][Px23360][Tx36286][Utils/EventDispatcher.hpp][L65][MaaNS::EventDispatcher::notify] !!!OnEventNotify!!! [handle=true] [msg=Node.Recognition.Starting] [details={"focus":null,"name":"_ocrsong_axiszpq","reco_id":400000009,"task_id":200000002}] 
[2026-09-30 02:38:43.694][DBG][Px23360][Tx36286][OCRer.cpp][L90][MaaNS::VisionNS::OCRer::analyze] _ocrsong_axiszpq [cache_=null] [all_results_=[{"box":[781,428,494,35],"score":0.999665,"text":"エンプティパペット"}]] [filtered_results_=[{"box":[781,428,494,35],"score":0.999665,"text":"エンプティパペット"}]] [best_result_={"box":[781,428,494,35],"score":0.999665,"text":"エンプティパペット"}] [cost=59ms] [param_.model=] [param_.only_rec=true] [param_.expected=[]] 
[2026-09-30 02:38:43.694][INF][Px23360][Tx36286][Recognizer.cpp][L103][MaaNS::TaskNS::Recognizer::recognize] reco [result={"algorithm":"OCR","box":[781,428,494,35],"detail":{"all":[{"box":[781,428,494,35],"score":0.999665,"text":"エンプティパペット"}],"best":{"box":[781,428,494,35],"score":0.999665,"text":"エンプティパペット"},"filtered":[{"box":[781,428,494,35],"score":0.999665,"text":"エンプティパペット"}]},"name":"_ocrsong_axiszpq","reco_id":400000009}] 
[2026-09-30 02:38:43.694][INF][Px23360][Tx36286][Utils/EventDispatcher.hpp][L65][MaaNS::EventDispatcher::notify] !!!OnEventNotify!!! [handle=true] [msg=Node.Recognition.Succeeded] [details={"focus":null,"name":"_ocrsong_axiszpq","reco_details":{"algorithm":"OCR","box":[781,428,494,35],"detail":{"all":[{"box":[781,428,494,35],"score":0.999665,"text":"エンプティパペット"}],"best":{"box":[781,428,494,35],"score":0.999665,"text":"エンプティパペット"},"filtered":[{"box":[781,428,494,35],"score":0.999665,"text":"エンプティパペット"}]},"name":"_ocrsong_axiszpq","reco_id":400000009},"reco_id":400000009,"task_id":200000002}] 
[2026-09-30 02:38:43.694][TRC][Px23360][Tx36286][TaskBase.cpp][L61][MaaNS::TaskNS::TaskBase::run_recognition] | leave, 59ms 
[2026-09-30 02:38:43.694][INF][Px23360][Tx36286][RecognitionTask.cpp][L61][MaaNS::TaskNS::RecognitionTask::run_impl] RecognitionTask node done [result={"action_id":0,"completed":true,"name":"_ocrsong_axiszpq","node_id":300000007,"reco_id":400000009}] [task_id_=200000002] 
[2026-09-30 02:38:43.694][INF][Px23360][Tx36286][Utils/EventDispatcher.hpp][L65][MaaNS::EventDispatcher::notify] !!!OnEventNotify!!! [handle=true] [msg=Node.RecognitionNode.Succeeded] [details={"action_details":null,"focus":null,"name":"_ocrsong_axiszpq","node_details":{"action_id":0,"completed":true,"name":"_ocrsong_axiszpq","node_id":300000007,"reco_id":400000009},"node_id":300000007,"reco_details":{"algorithm":"OCR","box":[781,428,494,35],"detail":{"all":[{"box":[781,428,494,35],"score":0.999665,"text":"エンプティパペット"}],"best":{"box":[781,428,494,35],"score":0.999665,"text":"エンプティパペット"},"filtered":[{"box":[781,428,494,35],"score":0.999665,"text":"エンプティパペット"}]},"name":"_ocrsong_axiszpq","reco_id":400000009},"task_id":200000002}] 
[2026-09-30 02:38:43.694][TRC][Px23360][Tx36286][RecognitionTask.cpp][L25][MaaNS::TaskNS::RecognitionTask::run_impl] | leave, 59ms 
[2026-09-30 02:38:43.694][TRC][Px23360][Tx36286][MaaContext.cpp][L42][MaaContextRunRecognition] | leave, 60ms 
[2026-09-30 02:38:43.706][DBG][Px23360][Tx36286][CustomRecognition.cpp][L75][MaaNS::TaskNS::CustomRecognition::analyze] [name_=OurNotes_GetSongName] [param_.name=SongRecognition] [all_results_=[{"box":[781,428,494,35],"detail":"\"エンプティパペット\""}]] [filtered_results_=[{"box":[781,428,494,35],"detail":"\"エンプティパペット\""}]] [best_result_={"box":[781,428,494,35],"detail":"\"エンプティパペット\""}] [cost=80ms] [ret=true] 
[2026-09-30 02:38:43.707][TRC][Px23360][Tx36286][CustomRecognition.cpp][L29][MaaNS::TaskNS::CustomRecognition::analyze] | leave, 80ms 
[2026-09-30 02:38:43.707][INF][Px23360][Tx36286][Recognizer.cpp][L103][MaaNS::TaskNS::Recognizer::recognize] reco [result={"algorithm":"Custom","box":[781,428,494,35],"detail":{"all":[{"box":[781,428,494,35],"detail":"\"エンプティパペット\""}],"best":{"box":[781,428,494,35],"detail":"\"エンプティパペット\""},"filtered":[{"box":[781,428,494,35],"detail":"\"エンプティパペット\""}]},"name":"OurNotes_GetSongName","reco_id":400000008}] 
[2026-09-30 02:38:43.707][INF][Px23360][Tx36286][Utils/EventDispatcher.hpp][L65][MaaNS::EventDispatcher::notify] !!!OnEventNotify!!! [handle=true] [msg=Node.Recognition.Succeeded] [details={"focus":null,"name":"OurNotes_GetSongName","reco_details":{"algorithm":"Custom","box":[781,428,494,35],"detail":{"all":[{"box":[781,428,494,35],"detail":"\"エンプティパペット\""}],"best":{"box":[781,428,494,35],"detail":"\"エンプティパペット\""},"filtered":[{"box":[781,428,494,35],"detail":"\"エンプティパペット\""}]},"name":"OurNotes_GetSongName","reco_id":400000008},"reco_id":400000008,"task_id":200000001}] 
[2026-09-30 02:38:43.707][TRC][Px23360][Tx36286][TaskBase.cpp][L61][MaaNS::TaskNS::TaskBase::run_recognition] | leave, 80ms 
[2026-09-30 02:38:43.707][INF][Px23360][Tx36286][PipelineTask.cpp][L312][MaaNS::TaskNS::PipelineTask::recognize_list] reco hit [result.name=OurNotes_GetSongName] [result.box=[781,428,494,35]] 
[2026-09-30 02:38:43.707][INF][Px23360][Tx36286][Utils/EventDispatcher.hpp][L65][MaaNS::EventDispatcher::notify] !!!OnEventNotify!!! [handle=true] [msg=Node.NextList.Succeeded] [details={"focus":null,"list":[{"anchor":false,"jump_back":false,"name":"OurNotes_GetSongName"}],"name":"OurNotes_SetDifficulty","task_id":200000001}] 
[2026-09-30 02:38:43.707][TRC][Px23360][Tx36286][PipelineTask.cpp][L250][MaaNS::TaskNS::PipelineTask::recognize_list] | leave, 80ms 
[2026-09-30 02:38:43.707][DBG][Px23360][Tx36286][TaskBase.cpp][L215][MaaNS::TaskNS::TaskBase::sleep] 200ms 
[2026-09-30 02:38:43.908][INF][Px23360][Tx36286][Utils/EventDispatcher.hpp][L65][MaaNS::EventDispatcher::notify] !!!OnEventNotify!!! [handle=true] [msg=Node.Action.Starting] [details={"action_id":500000006,"focus":null,"name":"OurNotes_GetSongName","task_id":200000001}] 
[2026-09-30 02:38:43.908][TRC][Px23360][Tx36286][Actuator.cpp][L27][MaaNS::TaskNS::Actuator::run] [pipeline_data.name=OurNotes_GetSongName] 
[2026-09-30 02:38:43.908][DBG][Px23360][Tx36286][CustomAction.cpp][L15][MaaNS::TaskNS::CustomAction::run] [context.task_id()=200000001] [node_name=OurNotes_GetSongName] [session.action=true] [session.trans_arg=true] [param.name=SaveSong] [param.custom_param=null] [reco_id=400000008] [rect=[781,428,494,35]] | enter 
[2026-09-30 02:38:43.987][DBG][Px23360][Tx36286][CustomAction.cpp][L36][MaaNS::TaskNS::CustomAction::run] [node_name=OurNotes_GetSongName] [param.name=SaveSong] [session.action=true] [session.trans_arg=true] [ret=true] 
[2026-09-30 02:38:43.988][TRC][Px23360][Tx36286][CustomAction.cpp][L15][MaaNS::TaskNS::CustomAction::run] | leave, 79ms 
[2026-09-30 02:38:43.988][INF][Px23360][Tx36286][TaskBase.cpp][L137][MaaNS::TaskNS::TaskBase::run_action] action [i=0] [data.repeat=1] [result={"action":"Custom","action_id":500000006,"box":[781,428,494,35],"detail":{},"name":"OurNotes_GetSongName","success":true}] 
[2026-09-30 02:38:43.988][INF][Px23360][Tx36286][Utils/EventDispatcher.hpp][L65][MaaNS::EventDispatcher::notify] !!!OnEventNotify!!! [handle=true] [msg=Node.Action.Succeeded] [details={"action_details":{"action":"Custom","action_id":500000006,"box":[781,428,494,35],"detail":{},"name":"OurNotes_GetSongName","success":true},"action_id":500000006,"focus":null,"name":"OurNotes_GetSongName","task_id":200000001}] 
[2026-09-30 02:38:43.988][DBG][Px23360][Tx36286][TaskBase.cpp][L215][MaaNS::TaskNS::TaskBase::sleep] 200ms 
[2026-09-30 02:38:44.188][INF][Px23360][Tx36286][PipelineTask.cpp][L224][MaaNS::TaskNS::PipelineTask::run_next] PipelineTask node done [result={"action_id":500000006,"completed":true,"name":"OurNotes_GetSongName","node_id":300000006,"reco_id":400000008}] [task_id_=200000001] 
[2026-09-30 02:38:44.188][INF][Px23360][Tx36286][Utils/EventDispatcher.hpp][L65][MaaNS::EventDispatcher::notify] !!!OnEventNotify!!! [handle=true] [msg=Node.PipelineNode.Succeeded] [details={"action_details":{"action":"Custom","action_id":500000006,"box":[781,428,494,35],"detail":{},"name":"OurNotes_GetSongName","success":true},"focus":null,"name":"OurNotes_SetDifficulty","node_details":{"action_id":500000006,"completed":true,"name":"OurNotes_GetSongName","node_id":300000006,"reco_id":400000008},"node_id":300000006,"reco_details":{"algorithm":"Custom","box":[781,428,494,35],"detail":{"all":[{"box":[781,428,494,35],"detail":"\"エンプティパペット\""}],"best":{"box":[781,428,494,35],"detail":"\"エンプティパペット\""},"filtered":[{"box":[781,428,494,35],"detail":"\"エンプティパペット\""}]},"name":"OurNotes_GetSongName","reco_id":400000008},"task_id":200000001}] 
[2026-09-30 02:38:44.188][INF][Px23360][Tx36286][Utils/EventDispatcher.hpp][L65][MaaNS::EventDispatcher::notify] !!!OnEventNotify!!! [handle=true] [msg=Node.PipelineNode.Starting] [details={"focus":null,"name":"OurNotes_GetSongName","node_id":300000008,"task_id":200000001}] 
[2026-09-30 02:38:44.194][DBG][Px23360][Tx36286][PipelineTask.cpp][L250][MaaNS::TaskNS::PipelineTask::recognize_list] [cur_node_=OurNotes_GetSongName] [list=[{"anchor":false,"jump_back":false,"name":"OurNotes_ConfirmSong"},{"anchor":false,"jump_back":true,"name":"OurNotes_RandomSong"}]] | enter 
[2026-09-30 02:38:44.195][INF][Px23360][Tx36286][Utils/EventDispatcher.hpp][L65][MaaNS::EventDispatcher::notify] !!!OnEventNotify!!! [handle=true] [msg=Node.NextList.Starting] [details={"focus":null,"list":[{"anchor":false,"jump_back":false,"name":"OurNotes_ConfirmSong"},{"anchor":false,"jump_back":true,"name":"OurNotes_RandomSong"}],"name":"OurNotes_GetSongName","task_id":200000001}] 
[2026-09-30 02:38:44.195][DBG][Px23360][Tx36286][PipelineTask.cpp][L363][MaaNS::TaskNS::PipelineTask::prepare_batch_ocr] batch OCR not needed, eligible OCR nodes < 2 [ctx.plan.entries.size()=0] 
[2026-09-30 02:38:44.195][DBG][Px23360][Tx36286][TaskBase.cpp][L61][MaaNS::TaskNS::TaskBase::run_recognition] [cur_node_=OurNotes_GetSongName] [data.name=OurNotes_ConfirmSong] | enter 
[2026-09-30 02:38:44.195][INF][Px23360][Tx36286][Utils/EventDispatcher.hpp][L65][MaaNS::EventDispatcher::notify] !!!OnEventNotify!!! [handle=true] [msg=Node.Recognition.Starting] [details={"focus":null,"name":"OurNotes_ConfirmSong","reco_id":400000010,"task_id":200000001}] 
[2026-09-30 02:38:44.195][DBG][Px23360][Tx36286][TemplateResMgr.cpp][L65][MaaNS::ResourceNS::TemplateResMgr::load] [name=ournotes/confirm_song.png] [roots_=["","assets/resource/image"]] | enter 
[2026-09-30 02:38:44.195][DBG][Px23360][Tx36286][TemplateResMgr.cpp][L90][MaaNS::ResourceNS::TemplateResMgr::load] [path=assets/resource/image/ournotes/confirm_song.png] 
[2026-09-30 02:38:44.195][DBG][Px23360][Tx36286][TemplateResMgr.cpp][L72][MaaNS::ResourceNS::TemplateResMgr::load::<lambda_1>::operator ()] [path=assets/resource/image/ournotes/confirm_song.png] 
[2026-09-30 02:38:44.195][TRC][Px23360][Tx36286][TemplateResMgr.cpp][L65][MaaNS::ResourceNS::TemplateResMgr::load] | leave, 0ms 
[2026-09-30 02:38:44.361][DBG][Px23360][Tx36286][TemplateMatcher.cpp][L45][MaaNS::VisionNS::TemplateMatcher::analyze] OurNotes_ConfirmSong [all_results_=[{"box":[1065,633,198,56],"score":0.999993}]] [filtered_results_=[{"box":[1065,633,198,56],"score":0.999993}]] [best_result_={"box":[1065,633,198,56],"score":0.999993}] [cost=165ms] [param_.template_=["ournotes/confirm_song.png"]] [templates_.size()=1] [param_.thresholds=[0.700000]] [param_.method=5] [param_.green_mask=false] 
[2026-09-30 02:38:44.361][INF][Px23360][Tx36286][Recognizer.cpp][L103][MaaNS::TaskNS::Recognizer::recognize] reco [result={"algorithm":"TemplateMatch","box":[1065,633,198,56],"detail":{"all":[{"box":[1065,633,198,56],"score":0.999993}],"best":{"box":[1065,633,198,56],"score":0.999993},"filtered":[{"box":[1065,633,198,56],"score":0.999993}]},"name":"OurNotes_ConfirmSong","reco_id":400000010}] 
[2026-09-30 02:38:44.362][INF][Px23360][Tx36286][Utils/EventDispatcher.hpp][L65][MaaNS::EventDispatcher::notify] !!!OnEventNotify!!! [handle=true] [msg=Node.Recognition.Succeeded] [details={"focus":null,"name":"OurNotes_ConfirmSong","reco_details":{"algorithm":"TemplateMatch","box":[1065,633,198,56],"detail":{"all":[{"box":[1065,633,198,56],"score":0.999993}],"best":{"box":[1065,633,198,56],"score":0.999993},"filtered":[{"box":[1065,633,198,56],"score":0.999993}]},"name":"OurNotes_ConfirmSong","reco_id":400000010},"reco_id":400000010,"task_id":200000001}] 
[2026-09-30 02:38:44.362][TRC][Px23360][Tx36286][TaskBase.cpp][L61][MaaNS::TaskNS::TaskBase::run_recognition] | leave, 166ms 
[2026-09-30 02:38:44.362][INF][Px23360][Tx36286][PipelineTask.cpp][L312][MaaNS::TaskNS::PipelineTask::recognize_list] reco hit [result.name=OurNotes_ConfirmSong] [result.box=[1065,633,198,56]] 
[2026-09-30 02:38:44.362][INF][Px23360][Tx36286][Utils/EventDispatcher.hpp][L65][MaaNS::EventDispatcher::notify] !!!OnEventNotify!!! [handle=true] [msg=Node.NextList.Succeeded] [details={"focus":null,"list":[{"anchor":false,"jump_back":false,"name":"OurNotes_ConfirmSong"},{"anchor":false,"jump_back":true,"name":"OurNotes_RandomSong"}],"name":"OurNotes_GetSongName","task_id":200000001}] 
[2026-09-30 02:38:44.362][TRC][Px23360][Tx36286][PipelineTask.cpp][L250][MaaNS::TaskNS::PipelineTask::recognize_list] | leave, 166ms 
[2026-09-30 02:38:44.362][DBG][Px23360][Tx36286][TaskBase.cpp][L215][MaaNS::TaskNS::TaskBase::sleep] 200ms 
[2026-09-30 02:38:44.563][INF][Px23360][Tx36286][Utils/EventDispatcher.hpp][L65][MaaNS::EventDispatcher::notify] !!!OnEventNotify!!! [handle=true] [msg=Node.Action.Starting] [details={"action_id":500000007,"focus":null,"name":"OurNotes_ConfirmSong","task_id":200000001}] 
[2026-09-30 02:38:44.563][TRC][Px23360][Tx36286][Actuator.cpp][L27][MaaNS::TaskNS::Actuator::run] [pipeline_data.name=OurNotes_ConfirmSong] 
[2026-09-30 02:38:44.563][INF][Px23360][Tx57829][MuMuPlayerExtras.cpp][L133][MaaNS::CtrlUnitNs::MuMuPlayerExtras::touch_down] [contact=0] [x=1131] [y=659] [pressure=1] [display_id=0] 
[2026-09-30 02:38:44.614][INF][Px23360][Tx57829][MuMuPlayerExtras.cpp][L180][MaaNS::CtrlUnitNs::MuMuPlayerExtras::touch_up] [contact=0] [display_id=0] 
[2026-09-30 02:38:44.614][INF][Px23360][Tx36286][TaskBase.cpp][L137][MaaNS::TaskNS::TaskBase::run_action] action [i=0] [data.repeat=1] [result={"action":"Click","action_id":500000007,"box":[1065,633,198,56],"detail":{"contact":0,"point":[1131,659],"pressure":1},"name":"OurNotes_ConfirmSong","success":true}] 
[2026-09-30 02:38:44.614][INF][Px23360][Tx36286][Utils/EventDispatcher.hpp][L65][MaaNS::EventDispatcher::notify] !!!OnEventNotify!!! [handle=true] [msg=Node.Action.Succeeded] [details={"action_details":{"action":"Click","action_id":500000007,"box":[1065,633,198,56],"detail":{"contact":0,"point":[1131,659],"pressure":1},"name":"OurNotes_ConfirmSong","success":true},"action_id":500000007,"focus":null,"name":"OurNotes_ConfirmSong","task_id":200000001}] 
[2026-09-30 02:38:44.614][DBG][Px23360][Tx36286][TaskBase.cpp][L215][MaaNS::TaskNS::TaskBase::sleep] 200ms 
[2026-09-30 02:38:44.815][INF][Px23360][Tx36286][PipelineTask.cpp][L224][MaaNS::TaskNS::PipelineTask::run_next] PipelineTask node done [result={"action_id":500000007,"completed":true,"name":"OurNotes_ConfirmSong","node_id":300000008,"reco_id":400000010}] [task_id_=200000001] 
[2026-09-30 02:38:44.815][INF][Px23360][Tx36286][Utils/EventDispatcher.hpp][L65][MaaNS::EventDispatcher::notify] !!!OnEventNotify!!! [handle=true] [msg=Node.PipelineNode.Succeeded] [details={"action_details":{"action":"Click","action_id":500000007,"box":[1065,633,198,56],"detail":{"contact":0,"point":[1131,659],"pressure":1},"name":"OurNotes_ConfirmSong","success":true},"focus":null,"name":"OurNotes_GetSongName","node_details":{"action_id":500000007,"completed":true,"name":"OurNotes_ConfirmSong","node_id":300000008,"reco_id":400000010},"node_id":300000008,"reco_details":{"algorithm":"TemplateMatch","box":[1065,633,198,56],"detail":{"all":[{"box":[1065,633,198,56],"score":0.999993}],"best":{"box":[1065,633,198,56],"score":0.999993},"filtered":[{"box":[1065,633,198,56],"score":0.999993}]},"name":"OurNotes_ConfirmSong","reco_id":400000010},"task_id":200000001}] 
[2026-09-30 02:38:44.815][INF][Px23360][Tx36286][Utils/EventDispatcher.hpp][L65][MaaNS::EventDispatcher::notify] !!!OnEventNotify!!! [handle=true] [msg=Node.PipelineNode.Starting] [details={"focus":null,"name":"OurNotes_ConfirmSong","node_id":300000009,"task_id":200000001}] 
[2026-09-30 02:38:44.821][DBG][Px23360][Tx36286][PipelineTask.cpp][L250][MaaNS::TaskNS::PipelineTask::recognize_list] [cur_node_=OurNotes_ConfirmSong] [list=[{"anchor":false,"jump_back":false,"name":"OurNotes_BandSetup"}]] | enter 
[2026-09-30 02:38:44.821][INF][Px23360][Tx36286][Utils/EventDispatcher.hpp][L65][MaaNS::EventDispatcher::notify] !!!OnEventNotify!!! [handle=true] [msg=Node.NextList.Starting] [details={"focus":null,"list":[{"anchor":false,"jump_back":false,"name":"OurNotes_BandSetup"}],"name":"OurNotes_ConfirmSong","task_id":200000001}] 
[2026-09-30 02:38:44.821][DBG][Px23360][Tx36286][PipelineTask.cpp][L363][MaaNS::TaskNS::PipelineTask::prepare_batch_ocr] batch OCR not needed, eligible OCR nodes < 2 [ctx.plan.entries.size()=0] 
[2026-09-30 02:38:44.821][DBG][Px23360][Tx36286][TaskBase.cpp][L61][MaaNS::TaskNS::TaskBase::run_recognition] [cur_node_=OurNotes_ConfirmSong] [data.name=OurNotes_BandSetup] | enter 
[2026-09-30 02:38:44.821][INF][Px23360][Tx36286][Utils/EventDispatcher.hpp][L65][MaaNS::EventDispatcher::notify] !!!OnEventNotify!!! [handle=true] [msg=Node.Recognition.Starting] [details={"focus":null,"name":"OurNotes_BandSetup","reco_id":400000011,"task_id":200000001}] 
[2026-09-30 02:38:44.821][DBG][Px23360][Tx36286][TemplateResMgr.cpp][L65][MaaNS::ResourceNS::TemplateResMgr::load] [name=ournotes/live_start.png] [roots_=["","assets/resource/image"]] | enter 
[2026-09-30 02:38:44.821][DBG][Px23360][Tx36286][TemplateResMgr.cpp][L90][MaaNS::ResourceNS::TemplateResMgr::load] [path=assets/resource/image/ournotes/live_start.png] 
[2026-09-30 02:38:44.821][DBG][Px23360][Tx36286][TemplateResMgr.cpp][L72][MaaNS::ResourceNS::TemplateResMgr::load::<lambda_1>::operator ()] [path=assets/resource/image/ournotes/live_start.png] 
[2026-09-30 02:38:44.821][TRC][Px23360][Tx36286][TemplateResMgr.cpp][L65][MaaNS::ResourceNS::TemplateResMgr::load] | leave, 0ms 
[2026-09-30 02:38:44.941][DBG][Px23360][Tx36286][TemplateMatcher.cpp][L45][MaaNS::VisionNS::TemplateMatcher::analyze] OurNotes_BandSetup [all_results_=[{"box":[117,92,211,37],"score":0.225336}]] [filtered_results_=[]] [best_result_=null] [cost=119ms] [param_.template_=["ournotes/live_start.png"]] [templates_.size()=1] [param_.thresholds=[0.700000]] [param_.method=5] [param_.green_mask=false] 
[2026-09-30 02:38:44.941][INF][Px23360][Tx36286][Recognizer.cpp][L103][MaaNS::TaskNS::Recognizer::recognize] reco [result={"algorithm":"TemplateMatch","box":null,"detail":{"all":[{"box":[117,92,211,37],"score":0.225336}],"best":null,"filtered":[]},"name":"OurNotes_BandSetup","reco_id":400000011}] 
[2026-09-30 02:38:44.941][INF][Px23360][Tx36286][Utils/EventDispatcher.hpp][L65][MaaNS::EventDispatcher::notify] !!!OnEventNotify!!! [handle=true] [msg=Node.Recognition.Failed] [details={"focus":null,"name":"OurNotes_BandSetup","reco_details":{"algorithm":"TemplateMatch","box":null,"detail":{"all":[{"box":[117,92,211,37],"score":0.225336}],"best":null,"filtered":[]},"name":"OurNotes_BandSetup","reco_id":400000011},"reco_id":400000011,"task_id":200000001}] 
[2026-09-30 02:38:44.941][TRC][Px23360][Tx36286][TaskBase.cpp][L61][MaaNS::TaskNS::TaskBase::run_recognition] | leave, 120ms 
[2026-09-30 02:38:44.941][INF][Px23360][Tx36286][Utils/EventDispatcher.hpp][L65][MaaNS::EventDispatcher::notify] !!!OnEventNotify!!! [handle=true] [msg=Node.NextList.Failed] [details={"focus":null,"list":[{"anchor":false,"jump_back":false,"name":"OurNotes_BandSetup"}],"name":"OurNotes_ConfirmSong","task_id":200000001}] 
[2026-09-30 02:38:44.941][TRC][Px23360][Tx36286][PipelineTask.cpp][L250][MaaNS::TaskNS::PipelineTask::recognize_list] | leave, 120ms 
[2026-09-30 02:38:44.941][DBG][Px23360][Tx36286][PipelineTask.cpp][L159][MaaNS::TaskNS::PipelineTask::run_next::<lambda_2>::operator ()] sleep_until [pretask.rate_limit=1000ms] 
[2026-09-30 02:38:45.824][DBG][Px23360][Tx36286][PipelineTask.cpp][L250][MaaNS::TaskNS::PipelineTask::recognize_list] [cur_node_=OurNotes_ConfirmSong] [list=[{"anchor":false,"jump_back":false,"name":"OurNotes_BandSetup"}]] | enter 
[2026-09-30 02:38:45.824][INF][Px23360][Tx36286][Utils/EventDispatcher.hpp][L65][MaaNS::EventDispatcher::notify] !!!OnEventNotify!!! [handle=true] [msg=Node.NextList.Starting] [details={"focus":null,"list":[{"anchor":false,"jump_back":false,"name":"OurNotes_BandSetup"}],"name":"OurNotes_ConfirmSong","task_id":200000001}] 
[2026-09-30 02:38:45.824][DBG][Px23360][Tx36286][PipelineTask.cpp][L363][MaaNS::TaskNS::PipelineTask::prepare_batch_ocr] batch OCR not needed, eligible OCR nodes < 2 [ctx.plan.entries.size()=0] 
[2026-09-30 02:38:45.824][DBG][Px23360][Tx36286][TaskBase.cpp][L61][MaaNS::TaskNS::TaskBase::run_recognition] [cur_node_=OurNotes_ConfirmSong] [data.name=OurNotes_BandSetup] | enter 
[2026-09-30 02:38:45.824][INF][Px23360][Tx36286][Utils/EventDispatcher.hpp][L65][MaaNS::EventDispatcher::notify] !!!OnEventNotify!!! [handle=true] [msg=Node.Recognition.Starting] [details={"focus":null,"name":"OurNotes_BandSetup","reco_id":400000012,"task_id":200000001}] 
[2026-09-30 02:38:45.944][DBG][Px23360][Tx36286][TemplateMatcher.cpp][L45][MaaNS::VisionNS::TemplateMatcher::analyze] OurNotes_BandSetup [all_results_=[{"box":[1034,617,211,37],"score":0.999999}]] [filtered_results_=[{"box":[1034,617,211,37],"score":0.999999}]] [best_result_={"box":[1034,617,211,37],"score":0.999999}] [cost=120ms] [param_.template_=["ournotes/live_start.png"]] [templates_.size()=1] [param_.thresholds=[0.700000]] [param_.method=5] [param_.green_mask=false] 
[2026-09-30 02:38:45.945][INF][Px23360][Tx36286][Recognizer.cpp][L103][MaaNS::TaskNS::Recognizer::recognize] reco [result={"algorithm":"TemplateMatch","box":[1034,617,211,37],"detail":{"all":[{"box":[1034,617,211,37],"score":0.999999}],"best":{"box":[1034,617,211,37],"score":0.999999},"filtered":[{"box":[1034,617,211,37],"score":0.999999}]},"name":"OurNotes_BandSetup","reco_id":400000012}] 
[2026-09-30 02:38:45.945][INF][Px23360][Tx36286][Utils/EventDispatcher.hpp][L65][MaaNS::EventDispatcher::notify] !!!OnEventNotify!!! [handle=true] [msg=Node.Recognition.Succeeded] [details={"focus":null,"name":"OurNotes_BandSetup","reco_details":{"algorithm":"TemplateMatch","box":[1034,617,211,37],"detail":{"all":[{"box":[1034,617,211,37],"score":0.999999}],"best":{"box":[1034,617,211,37],"score":0.999999},"filtered":[{"box":[1034,617,211,37],"score":0.999999}]},"name":"OurNotes_BandSetup","reco_id":400000012},"reco_id":400000012,"task_id":200000001}] 
[2026-09-30 02:38:45.945][TRC][Px23360][Tx36286][TaskBase.cpp][L61][MaaNS::TaskNS::TaskBase::run_recognition] | leave, 121ms 
[2026-09-30 02:38:45.945][INF][Px23360][Tx36286][PipelineTask.cpp][L312][MaaNS::TaskNS::PipelineTask::recognize_list] reco hit [result.name=OurNotes_BandSetup] [result.box=[1034,617,211,37]] 
[2026-09-30 02:38:45.945][INF][Px23360][Tx36286][Utils/EventDispatcher.hpp][L65][MaaNS::EventDispatcher::notify] !!!OnEventNotify!!! [handle=true] [msg=Node.NextList.Succeeded] [details={"focus":null,"list":[{"anchor":false,"jump_back":false,"name":"OurNotes_BandSetup"}],"name":"OurNotes_ConfirmSong","task_id":200000001}] 
[2026-09-30 02:38:45.945][TRC][Px23360][Tx36286][PipelineTask.cpp][L250][MaaNS::TaskNS::PipelineTask::recognize_list] | leave, 121ms 
[2026-09-30 02:38:45.945][DBG][Px23360][Tx36286][TaskBase.cpp][L215][MaaNS::TaskNS::TaskBase::sleep] 200ms 
[2026-09-30 02:38:46.146][INF][Px23360][Tx36286][Utils/EventDispatcher.hpp][L65][MaaNS::EventDispatcher::notify] !!!OnEventNotify!!! [handle=true] [msg=Node.Action.Starting] [details={"action_id":500000008,"focus":null,"name":"OurNotes_BandSetup","task_id":200000001}] 
[2026-09-30 02:38:46.146][TRC][Px23360][Tx36286][Actuator.cpp][L27][MaaNS::TaskNS::Actuator::run] [pipeline_data.name=OurNotes_BandSetup] 
[2026-09-30 02:38:46.146][INF][Px23360][Tx57829][MuMuPlayerExtras.cpp][L133][MaaNS::CtrlUnitNs::MuMuPlayerExtras::touch_down] [contact=0] [x=1169] [y=640] [pressure=1] [display_id=0] 
[2026-09-30 02:38:46.199][INF][Px23360][Tx57829][MuMuPlayerExtras.cpp][L180][MaaNS::CtrlUnitNs::MuMuPlayerExtras::touch_up] [contact=0] [display_id=0] 
[2026-09-30 02:38:46.199][INF][Px23360][Tx36286][TaskBase.cpp][L137][MaaNS::TaskNS::TaskBase::run_action] action [i=0] [data.repeat=1] [result={"action":"Click","action_id":500000008,"box":[1034,617,211,37],"detail":{"contact":0,"point":[1169,640],"pressure":1},"name":"OurNotes_BandSetup","success":true}] 
[2026-09-30 02:38:46.199][INF][Px23360][Tx36286][Utils/EventDispatcher.hpp][L65][MaaNS::EventDispatcher::notify] !!!OnEventNotify!!! [handle=true] [msg=Node.Action.Succeeded] [details={"action_details":{"action":"Click","action_id":500000008,"box":[1034,617,211,37],"detail":{"contact":0,"point":[1169,640],"pressure":1},"name":"OurNotes_BandSetup","success":true},"action_id":500000008,"focus":null,"name":"OurNotes_BandSetup","task_id":200000001}] 
[2026-09-30 02:38:46.199][DBG][Px23360][Tx36286][TaskBase.cpp][L215][MaaNS::TaskNS::TaskBase::sleep] 200ms 
[2026-09-30 02:38:46.400][INF][Px23360][Tx36286][PipelineTask.cpp][L224][MaaNS::TaskNS::PipelineTask::run_next] PipelineTask node done [result={"action_id":500000008,"completed":true,"name":"OurNotes_BandSetup","node_id":300000009,"reco_id":400000012}] [task_id_=200000001] 
[2026-09-30 02:38:46.400][INF][Px23360][Tx36286][Utils/EventDispatcher.hpp][L65][MaaNS::EventDispatcher::notify] !!!OnEventNotify!!! [handle=true] [msg=Node.PipelineNode.Succeeded] [details={"action_details":{"action":"Click","action_id":500000008,"box":[1034,617,211,37],"detail":{"contact":0,"point":[1169,640],"pressure":1},"name":"OurNotes_BandSetup","success":true},"focus":null,"name":"OurNotes_ConfirmSong","node_details":{"action_id":500000008,"completed":true,"name":"OurNotes_BandSetup","node_id":300000009,"reco_id":400000012},"node_id":300000009,"reco_details":{"algorithm":"TemplateMatch","box":[1034,617,211,37],"detail":{"all":[{"box":[1034,617,211,37],"score":0.999999}],"best":{"box":[1034,617,211,37],"score":0.999999},"filtered":[{"box":[1034,617,211,37],"score":0.999999}]},"name":"OurNotes_BandSetup","reco_id":400000012},"task_id":200000001}] 
[2026-09-30 02:38:46.400][INF][Px23360][Tx36286][Utils/EventDispatcher.hpp][L65][MaaNS::EventDispatcher::notify] !!!OnEventNotify!!! [handle=true] [msg=Node.PipelineNode.Starting] [details={"focus":null,"name":"OurNotes_BandSetup","node_id":300000010,"task_id":200000001}] 
[2026-09-30 02:38:46.406][DBG][Px23360][Tx36286][PipelineTask.cpp][L250][MaaNS::TaskNS::PipelineTask::recognize_list] [cur_node_=OurNotes_BandSetup] [list=[{"anchor":false,"jump_back":false,"name":"OurNotes_WaitLoading"}]] | enter 
[2026-09-30 02:38:46.406][INF][Px23360][Tx36286][Utils/EventDispatcher.hpp][L65][MaaNS::EventDispatcher::notify] !!!OnEventNotify!!! [handle=true] [msg=Node.NextList.Starting] [details={"focus":null,"list":[{"anchor":false,"jump_back":false,"name":"OurNotes_WaitLoading"}],"name":"OurNotes_BandSetup","task_id":200000001}] 
[2026-09-30 02:38:46.406][DBG][Px23360][Tx36286][PipelineTask.cpp][L363][MaaNS::TaskNS::PipelineTask::prepare_batch_ocr] batch OCR not needed, eligible OCR nodes < 2 [ctx.plan.entries.size()=0] 
[2026-09-30 02:38:46.406][DBG][Px23360][Tx36286][TaskBase.cpp][L61][MaaNS::TaskNS::TaskBase::run_recognition] [cur_node_=OurNotes_BandSetup] [data.name=OurNotes_WaitLoading] | enter 
[2026-09-30 02:38:46.406][INF][Px23360][Tx36286][Utils/EventDispatcher.hpp][L65][MaaNS::EventDispatcher::notify] !!!OnEventNotify!!! [handle=true] [msg=Node.Recognition.Starting] [details={"focus":null,"name":"OurNotes_WaitLoading","reco_id":400000013,"task_id":200000001}] 
[2026-09-30 02:38:46.406][DBG][Px23360][Tx36286][TemplateResMgr.cpp][L65][MaaNS::ResourceNS::TemplateResMgr::load] [name=ournotes/chart_ready.png] [roots_=["","assets/resource/image"]] | enter 
[2026-09-30 02:38:46.406][DBG][Px23360][Tx36286][TemplateResMgr.cpp][L90][MaaNS::ResourceNS::TemplateResMgr::load] [path=assets/resource/image/ournotes/chart_ready.png] 
[2026-09-30 02:38:46.406][DBG][Px23360][Tx36286][TemplateResMgr.cpp][L72][MaaNS::ResourceNS::TemplateResMgr::load::<lambda_1>::operator ()] [path=assets/resource/image/ournotes/chart_ready.png] 
[2026-09-30 02:38:46.407][TRC][Px23360][Tx36286][TemplateResMgr.cpp][L65][MaaNS::ResourceNS::TemplateResMgr::load] | leave, 0ms 
[2026-09-30 02:38:46.569][DBG][Px23360][Tx36286][TemplateMatcher.cpp][L45][MaaNS::VisionNS::TemplateMatcher::analyze] OurNotes_WaitLoading [all_results_=[{"box":[587,37,198,35],"score":0.424062}]] [filtered_results_=[]] [best_result_=null] [cost=162ms] [param_.template_=["ournotes/chart_ready.png"]] [templates_.size()=1] [param_.thresholds=[0.700000]] [param_.method=5] [param_.green_mask=false] 
[2026-09-30 02:38:46.569][INF][Px23360][Tx36286][Recognizer.cpp][L103][MaaNS::TaskNS::Recognizer::recognize] reco [result={"algorithm":"TemplateMatch","box":null,"detail":{"all":[{"box":[587,37,198,35],"score":0.424062}],"best":null,"filtered":[]},"name":"OurNotes_WaitLoading","reco_id":400000013}] 
[2026-09-30 02:38:46.569][INF][Px23360][Tx36286][Utils/EventDispatcher.hpp][L65][MaaNS::EventDispatcher::notify] !!!OnEventNotify!!! [handle=true] [msg=Node.Recognition.Failed] [details={"focus":null,"name":"OurNotes_WaitLoading","reco_details":{"algorithm":"TemplateMatch","box":null,"detail":{"all":[{"box":[587,37,198,35],"score":0.424062}],"best":null,"filtered":[]},"name":"OurNotes_WaitLoading","reco_id":400000013},"reco_id":400000013,"task_id":200000001}] 
[2026-09-30 02:38:46.569][TRC][Px23360][Tx36286][TaskBase.cpp][L61][MaaNS::TaskNS::TaskBase::run_recognition] | leave, 163ms 
[2026-09-30 02:38:46.569][INF][Px23360][Tx36286][Utils/EventDispatcher.hpp][L65][MaaNS::EventDispatcher::notify] !!!OnEventNotify!!! [handle=true] [msg=Node.NextList.Failed] [details={"focus":null,"list":[{"anchor":false,"jump_back":false,"name":"OurNotes_WaitLoading"}],"name":"OurNotes_BandSetup","task_id":200000001}] 
[2026-09-30 02:38:46.569][TRC][Px23360][Tx36286][PipelineTask.cpp][L250][MaaNS::TaskNS::PipelineTask::recognize_list] | leave, 163ms 
[2026-09-30 02:38:46.569][DBG][Px23360][Tx36286][PipelineTask.cpp][L159][MaaNS::TaskNS::PipelineTask::run_next::<lambda_2>::operator ()] sleep_until [pretask.rate_limit=1000ms] 
[2026-09-30 02:38:47.407][DBG][Px23360][Tx36286][PipelineTask.cpp][L250][MaaNS::TaskNS::PipelineTask::recognize_list] [cur_node_=OurNotes_BandSetup] [list=[{"anchor":false,"jump_back":false,"name":"OurNotes_WaitLoading"}]] | enter 
[2026-09-30 02:38:47.407][INF][Px23360][Tx36286][Utils/EventDispatcher.hpp][L65][MaaNS::EventDispatcher::notify] !!!OnEventNotify!!! [handle=true] [msg=Node.NextList.Starting] [details={"focus":null,"list":[{"anchor":false,"jump_back":false,"name":"OurNotes_WaitLoading"}],"name":"OurNotes_BandSetup","task_id":200000001}] 
[2026-09-30 02:38:47.407][DBG][Px23360][Tx36286][PipelineTask.cpp][L363][MaaNS::TaskNS::PipelineTask::prepare_batch_ocr] batch OCR not needed, eligible OCR nodes < 2 [ctx.plan.entries.size()=0] 
[2026-09-30 02:38:47.407][DBG][Px23360][Tx36286][TaskBase.cpp][L61][MaaNS::TaskNS::TaskBase::run_recognition] [cur_node_=OurNotes_BandSetup] [data.name=OurNotes_WaitLoading] | enter 
[2026-09-30 02:38:47.407][INF][Px23360][Tx36286][Utils/EventDispatcher.hpp][L65][MaaNS::EventDispatcher::notify] !!!OnEventNotify!!! [handle=true] [msg=Node.Recognition.Starting] [details={"focus":null,"name":"OurNotes_WaitLoading","reco_id":400000014,"task_id":200000001}] 
[2026-09-30 02:38:47.569][DBG][Px23360][Tx36286][TemplateMatcher.cpp][L45][MaaNS::VisionNS::TemplateMatcher::analyze] OurNotes_WaitLoading [all_results_=[{"box":[587,37,198,35],"score":0.421952}]] [filtered_results_=[]] [best_result_=null] [cost=162ms] [param_.template_=["ournotes/chart_ready.png"]] [templates_.size()=1] [param_.thresholds=[0.700000]] [param_.method=5] [param_.green_mask=false] 
[2026-09-30 02:38:47.570][INF][Px23360][Tx36286][Recognizer.cpp][L103][MaaNS::TaskNS::Recognizer::recognize] reco [result={"algorithm":"TemplateMatch","box":null,"detail":{"all":[{"box":[587,37,198,35],"score":0.421952}],"best":null,"filtered":[]},"name":"OurNotes_WaitLoading","reco_id":400000014}] 
[2026-09-30 02:38:47.570][INF][Px23360][Tx36286][Utils/EventDispatcher.hpp][L65][MaaNS::EventDispatcher::notify] !!!OnEventNotify!!! [handle=true] [msg=Node.Recognition.Failed] [details={"focus":null,"name":"OurNotes_WaitLoading","reco_details":{"algorithm":"TemplateMatch","box":null,"detail":{"all":[{"box":[587,37,198,35],"score":0.421952}],"best":null,"filtered":[]},"name":"OurNotes_WaitLoading","reco_id":400000014},"reco_id":400000014,"task_id":200000001}] 
[2026-09-30 02:38:47.570][TRC][Px23360][Tx36286][TaskBase.cpp][L61][MaaNS::TaskNS::TaskBase::run_recognition] | leave, 162ms 
[2026-09-30 02:38:47.570][INF][Px23360][Tx36286][Utils/EventDispatcher.hpp][L65][MaaNS::EventDispatcher::notify] !!!OnEventNotify!!! [handle=true] [msg=Node.NextList.Failed] [details={"focus":null,"list":[{"anchor":false,"jump_back":false,"name":"OurNotes_WaitLoading"}],"name":"OurNotes_BandSetup","task_id":200000001}] 
[2026-09-30 02:38:47.570][TRC][Px23360][Tx36286][PipelineTask.cpp][L250][MaaNS::TaskNS::PipelineTask::recognize_list] | leave, 162ms 
[2026-09-30 02:38:47.570][DBG][Px23360][Tx36286][PipelineTask.cpp][L159][MaaNS::TaskNS::PipelineTask::run_next::<lambda_2>::operator ()] sleep_until [pretask.rate_limit=1000ms] 
[2026-09-30 02:38:48.409][DBG][Px23360][Tx36286][PipelineTask.cpp][L250][MaaNS::TaskNS::PipelineTask::recognize_list] [cur_node_=OurNotes_BandSetup] [list=[{"anchor":false,"jump_back":false,"name":"OurNotes_WaitLoading"}]] | enter 
[2026-09-30 02:38:48.409][INF][Px23360][Tx36286][Utils/EventDispatcher.hpp][L65][MaaNS::EventDispatcher::notify] !!!OnEventNotify!!! [handle=true] [msg=Node.NextList.Starting] [details={"focus":null,"list":[{"anchor":false,"jump_back":false,"name":"OurNotes_WaitLoading"}],"name":"OurNotes_BandSetup","task_id":200000001}] 
[2026-09-30 02:38:48.409][DBG][Px23360][Tx36286][PipelineTask.cpp][L363][MaaNS::TaskNS::PipelineTask::prepare_batch_ocr] batch OCR not needed, eligible OCR nodes < 2 [ctx.plan.entries.size()=0] 
[2026-09-30 02:38:48.409][DBG][Px23360][Tx36286][TaskBase.cpp][L61][MaaNS::TaskNS::TaskBase::run_recognition] [cur_node_=OurNotes_BandSetup] [data.name=OurNotes_WaitLoading] | enter 
[2026-09-30 02:38:48.409][INF][Px23360][Tx36286][Utils/EventDispatcher.hpp][L65][MaaNS::EventDispatcher::notify] !!!OnEventNotify!!! [handle=true] [msg=Node.Recognition.Starting] [details={"focus":null,"name":"OurNotes_WaitLoading","reco_id":400000015,"task_id":200000001}] 
[2026-09-30 02:38:48.571][DBG][Px23360][Tx36286][TemplateMatcher.cpp][L45][MaaNS::VisionNS::TemplateMatcher::analyze] OurNotes_WaitLoading [all_results_=[{"box":[913,499,198,35],"score":0.476928}]] [filtered_results_=[]] [best_result_=null] [cost=163ms] [param_.template_=["ournotes/chart_ready.png"]] [templates_.size()=1] [param_.thresholds=[0.700000]] [param_.method=5] [param_.green_mask=false] 
[2026-09-30 02:38:48.571][INF][Px23360][Tx36286][Recognizer.cpp][L103][MaaNS::TaskNS::Recognizer::recognize] reco [result={"algorithm":"TemplateMatch","box":null,"detail":{"all":[{"box":[913,499,198,35],"score":0.476928}],"best":null,"filtered":[]},"name":"OurNotes_WaitLoading","reco_id":400000015}] 
[2026-09-30 02:38:48.571][INF][Px23360][Tx36286][Utils/EventDispatcher.hpp][L65][MaaNS::EventDispatcher::notify] !!!OnEventNotify!!! [handle=true] [msg=Node.Recognition.Failed] [details={"focus":null,"name":"OurNotes_WaitLoading","reco_details":{"algorithm":"TemplateMatch","box":null,"detail":{"all":[{"box":[913,499,198,35],"score":0.476928}],"best":null,"filtered":[]},"name":"OurNotes_WaitLoading","reco_id":400000015},"reco_id":400000015,"task_id":200000001}] 
[2026-09-30 02:38:48.571][TRC][Px23360][Tx36286][TaskBase.cpp][L61][MaaNS::TaskNS::TaskBase::run_recognition] | leave, 163ms 
[2026-09-30 02:38:48.571][INF][Px23360][Tx36286][Utils/EventDispatcher.hpp][L65][MaaNS::EventDispatcher::notify] !!!OnEventNotify!!! [handle=true] [msg=Node.NextList.Failed] [details={"focus":null,"list":[{"anchor":false,"jump_back":false,"name":"OurNotes_WaitLoading"}],"name":"OurNotes_BandSetup","task_id":200000001}] 
[2026-09-30 02:38:48.571][TRC][Px23360][Tx36286][PipelineTask.cpp][L250][MaaNS::TaskNS::PipelineTask::recognize_list] | leave, 163ms 
[2026-09-30 02:38:48.571][DBG][Px23360][Tx36286][PipelineTask.cpp][L159][MaaNS::TaskNS::PipelineTask::run_next::<lambda_2>::operator ()] sleep_until [pretask.rate_limit=1000ms] 
[2026-09-30 02:38:49.409][DBG][Px23360][Tx36286][PipelineTask.cpp][L250][MaaNS::TaskNS::PipelineTask::recognize_list] [cur_node_=OurNotes_BandSetup] [list=[{"anchor":false,"jump_back":false,"name":"OurNotes_WaitLoading"}]] | enter 
[2026-09-30 02:38:49.409][INF][Px23360][Tx36286][Utils/EventDispatcher.hpp][L65][MaaNS::EventDispatcher::notify] !!!OnEventNotify!!! [handle=true] [msg=Node.NextList.Starting] [details={"focus":null,"list":[{"anchor":false,"jump_back":false,"name":"OurNotes_WaitLoading"}],"name":"OurNotes_BandSetup","task_id":200000001}] 
[2026-09-30 02:38:49.409][DBG][Px23360][Tx36286][PipelineTask.cpp][L363][MaaNS::TaskNS::PipelineTask::prepare_batch_ocr] batch OCR not needed, eligible OCR nodes < 2 [ctx.plan.entries.size()=0] 
[2026-09-30 02:38:49.409][DBG][Px23360][Tx36286][TaskBase.cpp][L61][MaaNS::TaskNS::TaskBase::run_recognition] [cur_node_=OurNotes_BandSetup] [data.name=OurNotes_WaitLoading] | enter 
[2026-09-30 02:38:49.409][INF][Px23360][Tx36286][Utils/EventDispatcher.hpp][L65][MaaNS::EventDispatcher::notify] !!!OnEventNotify!!! [handle=true] [msg=Node.Recognition.Starting] [details={"focus":null,"name":"OurNotes_WaitLoading","reco_id":400000016,"task_id":200000001}] 
[2026-09-30 02:38:49.571][DBG][Px23360][Tx36286][TemplateMatcher.cpp][L45][MaaNS::VisionNS::TemplateMatcher::analyze] OurNotes_WaitLoading [all_results_=[{"box":[913,499,198,35],"score":0.474025}]] [filtered_results_=[]] [best_result_=null] [cost=161ms] [param_.template_=["ournotes/chart_ready.png"]] [templates_.size()=1] [param_.thresholds=[0.700000]] [param_.method=5] [param_.green_mask=false] 
[2026-09-30 02:38:49.571][INF][Px23360][Tx36286][Recognizer.cpp][L103][MaaNS::TaskNS::Recognizer::recognize] reco [result={"algorithm":"TemplateMatch","box":null,"detail":{"all":[{"box":[913,499,198,35],"score":0.474025}],"best":null,"filtered":[]},"name":"OurNotes_WaitLoading","reco_id":400000016}] 
[2026-09-30 02:38:49.571][INF][Px23360][Tx36286][Utils/EventDispatcher.hpp][L65][MaaNS::EventDispatcher::notify] !!!OnEventNotify!!! [handle=true] [msg=Node.Recognition.Failed] [details={"focus":null,"name":"OurNotes_WaitLoading","reco_details":{"algorithm":"TemplateMatch","box":null,"detail":{"all":[{"box":[913,499,198,35],"score":0.474025}],"best":null,"filtered":[]},"name":"OurNotes_WaitLoading","reco_id":400000016},"reco_id":400000016,"task_id":200000001}] 
[2026-09-30 02:38:49.571][TRC][Px23360][Tx36286][TaskBase.cpp][L61][MaaNS::TaskNS::TaskBase::run_recognition] | leave, 161ms 
[2026-09-30 02:38:49.571][INF][Px23360][Tx36286][Utils/EventDispatcher.hpp][L65][MaaNS::EventDispatcher::notify] !!!OnEventNotify!!! [handle=true] [msg=Node.NextList.Failed] [details={"focus":null,"list":[{"anchor":false,"jump_back":false,"name":"OurNotes_WaitLoading"}],"name":"OurNotes_BandSetup","task_id":200000001}] 
[2026-09-30 02:38:49.571][TRC][Px23360][Tx36286][PipelineTask.cpp][L250][MaaNS::TaskNS::PipelineTask::recognize_list] | leave, 161ms 
[2026-09-30 02:38:49.571][DBG][Px23360][Tx36286][PipelineTask.cpp][L159][MaaNS::TaskNS::PipelineTask::run_next::<lambda_2>::operator ()] sleep_until [pretask.rate_limit=1000ms] 
[2026-09-30 02:38:50.410][DBG][Px23360][Tx36286][PipelineTask.cpp][L250][MaaNS::TaskNS::PipelineTask::recognize_list] [cur_node_=OurNotes_BandSetup] [list=[{"anchor":false,"jump_back":false,"name":"OurNotes_WaitLoading"}]] | enter 
[2026-09-30 02:38:50.410][INF][Px23360][Tx36286][Utils/EventDispatcher.hpp][L65][MaaNS::EventDispatcher::notify] !!!OnEventNotify!!! [handle=true] [msg=Node.NextList.Starting] [details={"focus":null,"list":[{"anchor":false,"jump_back":false,"name":"OurNotes_WaitLoading"}],"name":"OurNotes_BandSetup","task_id":200000001}] 
[2026-09-30 02:38:50.410][DBG][Px23360][Tx36286][PipelineTask.cpp][L363][MaaNS::TaskNS::PipelineTask::prepare_batch_ocr] batch OCR not needed, eligible OCR nodes < 2 [ctx.plan.entries.size()=0] 
[2026-09-30 02:38:50.410][DBG][Px23360][Tx36286][TaskBase.cpp][L61][MaaNS::TaskNS::TaskBase::run_recognition] [cur_node_=OurNotes_BandSetup] [data.name=OurNotes_WaitLoading] | enter 
[2026-09-30 02:38:50.410][INF][Px23360][Tx36286][Utils/EventDispatcher.hpp][L65][MaaNS::EventDispatcher::notify] !!!OnEventNotify!!! [handle=true] [msg=Node.Recognition.Starting] [details={"focus":null,"name":"OurNotes_WaitLoading","reco_id":400000017,"task_id":200000001}] 
[2026-09-30 02:38:50.571][DBG][Px23360][Tx36286][TemplateMatcher.cpp][L45][MaaNS::VisionNS::TemplateMatcher::analyze] OurNotes_WaitLoading [all_results_=[{"box":[573,616,198,35],"score":0.550470},{"box":[745,615,198,35],"score":0.542101}]] [filtered_results_=[]] [best_result_=null] [cost=160ms] [param_.template_=["ournotes/chart_ready.png"]] [templates_.size()=1] [param_.thresholds=[0.700000]] [param_.method=5] [param_.green_mask=false] 
[2026-09-30 02:38:50.571][INF][Px23360][Tx36286][Recognizer.cpp][L103][MaaNS::TaskNS::Recognizer::recognize] reco [result={"algorithm":"TemplateMatch","box":null,"detail":{"all":[{"box":[573,616,198,35],"score":0.550470},{"box":[745,615,198,35],"score":0.542101}],"best":null,"filtered":[]},"name":"OurNotes_WaitLoading","reco_id":400000017}] 
[2026-09-30 02:38:50.571][INF][Px23360][Tx36286][Utils/EventDispatcher.hpp][L65][MaaNS::EventDispatcher::notify] !!!OnEventNotify!!! [handle=true] [msg=Node.Recognition.Failed] [details={"focus":null,"name":"OurNotes_WaitLoading","reco_details":{"algorithm":"TemplateMatch","box":null,"detail":{"all":[{"box":[573,616,198,35],"score":0.550470},{"box":[745,615,198,35],"score":0.542101}],"best":null,"filtered":[]},"name":"OurNotes_WaitLoading","reco_id":400000017},"reco_id":400000017,"task_id":200000001}] 
[2026-09-30 02:38:50.571][TRC][Px23360][Tx36286][TaskBase.cpp][L61][MaaNS::TaskNS::TaskBase::run_recognition] | leave, 161ms 
[2026-09-30 02:38:50.571][INF][Px23360][Tx36286][Utils/EventDispatcher.hpp][L65][MaaNS::EventDispatcher::notify] !!!OnEventNotify!!! [handle=true] [msg=Node.NextList.Failed] [details={"focus":null,"list":[{"anchor":false,"jump_back":false,"name":"OurNotes_WaitLoading"}],"name":"OurNotes_BandSetup","task_id":200000001}] 
[2026-09-30 02:38:50.571][TRC][Px23360][Tx36286][PipelineTask.cpp][L250][MaaNS::TaskNS::PipelineTask::recognize_list] | leave, 161ms 
[2026-09-30 02:38:50.571][DBG][Px23360][Tx36286][PipelineTask.cpp][L159][MaaNS::TaskNS::PipelineTask::run_next::<lambda_2>::operator ()] sleep_until [pretask.rate_limit=1000ms] 
[2026-09-30 02:38:51.412][DBG][Px23360][Tx36286][PipelineTask.cpp][L250][MaaNS::TaskNS::PipelineTask::recognize_list] [cur_node_=OurNotes_BandSetup] [list=[{"anchor":false,"jump_back":false,"name":"OurNotes_WaitLoading"}]] | enter 
[2026-09-30 02:38:51.412][INF][Px23360][Tx36286][Utils/EventDispatcher.hpp][L65][MaaNS::EventDispatcher::notify] !!!OnEventNotify!!! [handle=true] [msg=Node.NextList.Starting] [details={"focus":null,"list":[{"anchor":false,"jump_back":false,"name":"OurNotes_WaitLoading"}],"name":"OurNotes_BandSetup","task_id":200000001}] 
[2026-09-30 02:38:51.412][DBG][Px23360][Tx36286][PipelineTask.cpp][L363][MaaNS::TaskNS::PipelineTask::prepare_batch_ocr] batch OCR not needed, eligible OCR nodes < 2 [ctx.plan.entries.size()=0] 
[2026-09-30 02:38:51.412][DBG][Px23360][Tx36286][TaskBase.cpp][L61][MaaNS::TaskNS::TaskBase::run_recognition] [cur_node_=OurNotes_BandSetup] [data.name=OurNotes_WaitLoading] | enter 
[2026-09-30 02:38:51.412][INF][Px23360][Tx36286][Utils/EventDispatcher.hpp][L65][MaaNS::EventDispatcher::notify] !!!OnEventNotify!!! [handle=true] [msg=Node.Recognition.Starting] [details={"focus":null,"name":"OurNotes_WaitLoading","reco_id":400000018,"task_id":200000001}] 
[2026-09-30 02:38:51.577][DBG][Px23360][Tx36286][TemplateMatcher.cpp][L45][MaaNS::VisionNS::TemplateMatcher::analyze] OurNotes_WaitLoading [all_results_=[{"box":[164,499,198,35],"score":0.423732}]] [filtered_results_=[]] [best_result_=null] [cost=164ms] [param_.template_=["ournotes/chart_ready.png"]] [templates_.size()=1] [param_.thresholds=[0.700000]] [param_.method=5] [param_.green_mask=false] 
[2026-09-30 02:38:51.577][INF][Px23360][Tx36286][Recognizer.cpp][L103][MaaNS::TaskNS::Recognizer::recognize] reco [result={"algorithm":"TemplateMatch","box":null,"detail":{"all":[{"box":[164,499,198,35],"score":0.423732}],"best":null,"filtered":[]},"name":"OurNotes_WaitLoading","reco_id":400000018}] 
[2026-09-30 02:38:51.577][INF][Px23360][Tx36286][Utils/EventDispatcher.hpp][L65][MaaNS::EventDispatcher::notify] !!!OnEventNotify!!! [handle=true] [msg=Node.Recognition.Failed] [details={"focus":null,"name":"OurNotes_WaitLoading","reco_details":{"algorithm":"TemplateMatch","box":null,"detail":{"all":[{"box":[164,499,198,35],"score":0.423732}],"best":null,"filtered":[]},"name":"OurNotes_WaitLoading","reco_id":400000018},"reco_id":400000018,"task_id":200000001}] 
[2026-09-30 02:38:51.577][TRC][Px23360][Tx36286][TaskBase.cpp][L61][MaaNS::TaskNS::TaskBase::run_recognition] | leave, 164ms 
[2026-09-30 02:38:51.577][INF][Px23360][Tx36286][Utils/EventDispatcher.hpp][L65][MaaNS::EventDispatcher::notify] !!!OnEventNotify!!! [handle=true] [msg=Node.NextList.Failed] [details={"focus":null,"list":[{"anchor":false,"jump_back":false,"name":"OurNotes_WaitLoading"}],"name":"OurNotes_BandSetup","task_id":200000001}] 
[2026-09-30 02:38:51.577][TRC][Px23360][Tx36286][PipelineTask.cpp][L250][MaaNS::TaskNS::PipelineTask::recognize_list] | leave, 165ms 
[2026-09-30 02:38:51.577][DBG][Px23360][Tx36286][PipelineTask.cpp][L159][MaaNS::TaskNS::PipelineTask::run_next::<lambda_2>::operator ()] sleep_until [pretask.rate_limit=1000ms] 
[2026-09-30 02:38:52.413][DBG][Px23360][Tx36286][PipelineTask.cpp][L250][MaaNS::TaskNS::PipelineTask::recognize_list] [cur_node_=OurNotes_BandSetup] [list=[{"anchor":false,"jump_back":false,"name":"OurNotes_WaitLoading"}]] | enter 
[2026-09-30 02:38:52.414][INF][Px23360][Tx36286][Utils/EventDispatcher.hpp][L65][MaaNS::EventDispatcher::notify] !!!OnEventNotify!!! [handle=true] [msg=Node.NextList.Starting] [details={"focus":null,"list":[{"anchor":false,"jump_back":false,"name":"OurNotes_WaitLoading"}],"name":"OurNotes_BandSetup","task_id":200000001}] 
[2026-09-30 02:38:52.414][DBG][Px23360][Tx36286][PipelineTask.cpp][L363][MaaNS::TaskNS::PipelineTask::prepare_batch_ocr] batch OCR not needed, eligible OCR nodes < 2 [ctx.plan.entries.size()=0] 
[2026-09-30 02:38:52.414][DBG][Px23360][Tx36286][TaskBase.cpp][L61][MaaNS::TaskNS::TaskBase::run_recognition] [cur_node_=OurNotes_BandSetup] [data.name=OurNotes_WaitLoading] | enter 
[2026-09-30 02:38:52.414][INF][Px23360][Tx36286][Utils/EventDispatcher.hpp][L65][MaaNS::EventDispatcher::notify] !!!OnEventNotify!!! [handle=true] [msg=Node.Recognition.Starting] [details={"focus":null,"name":"OurNotes_WaitLoading","reco_id":400000019,"task_id":200000001}] 
[2026-09-30 02:38:52.578][DBG][Px23360][Tx36286][TemplateMatcher.cpp][L45][MaaNS::VisionNS::TemplateMatcher::analyze] OurNotes_WaitLoading [all_results_=[{"box":[285,428,198,35],"score":0.382483}]] [filtered_results_=[]] [best_result_=null] [cost=163ms] [param_.template_=["ournotes/chart_ready.png"]] [templates_.size()=1] [param_.thresholds=[0.700000]] [param_.method=5] [param_.green_mask=false] 
[2026-09-30 02:38:52.578][INF][Px23360][Tx36286][Recognizer.cpp][L103][MaaNS::TaskNS::Recognizer::recognize] reco [result={"algorithm":"TemplateMatch","box":null,"detail":{"all":[{"box":[285,428,198,35],"score":0.382483}],"best":null,"filtered":[]},"name":"OurNotes_WaitLoading","reco_id":400000019}] 
[2026-09-30 02:38:52.578][INF][Px23360][Tx36286][Utils/EventDispatcher.hpp][L65][MaaNS::EventDispatcher::notify] !!!OnEventNotify!!! [handle=true] [msg=Node.Recognition.Failed] [details={"focus":null,"name":"OurNotes_WaitLoading","reco_details":{"algorithm":"TemplateMatch","box":null,"detail":{"all":[{"box":[285,428,198,35],"score":0.382483}],"best":null,"filtered":[]},"name":"OurNotes_WaitLoading","reco_id":400000019},"reco_id":400000019,"task_id":200000001}] 
[2026-09-30 02:38:52.578][TRC][Px23360][Tx36286][TaskBase.cpp][L61][MaaNS::TaskNS::TaskBase::run_recognition] | leave, 163ms 
[2026-09-30 02:38:52.578][INF][Px23360][Tx36286][Utils/EventDispatcher.hpp][L65][MaaNS::EventDispatcher::notify] !!!OnEventNotify!!! [handle=true] [msg=Node.NextList.Failed] [details={"focus":null,"list":[{"anchor":false,"jump_back":false,"name":"OurNotes_WaitLoading"}],"name":"OurNotes_BandSetup","task_id":200000001}] 
[2026-09-30 02:38:52.578][TRC][Px23360][Tx36286][PipelineTask.cpp][L250][MaaNS::TaskNS::PipelineTask::recognize_list] | leave, 163ms 
[2026-09-30 02:38:52.578][DBG][Px23360][Tx36286][PipelineTask.cpp][L159][MaaNS::TaskNS::PipelineTask::run_next::<lambda_2>::operator ()] sleep_until [pretask.rate_limit=1000ms] 
[2026-09-30 02:38:53.417][DBG][Px23360][Tx36286][PipelineTask.cpp][L250][MaaNS::TaskNS::PipelineTask::recognize_list] [cur_node_=OurNotes_BandSetup] [list=[{"anchor":false,"jump_back":false,"name":"OurNotes_WaitLoading"}]] | enter 
[2026-09-30 02:38:53.417][INF][Px23360][Tx36286][Utils/EventDispatcher.hpp][L65][MaaNS::EventDispatcher::notify] !!!OnEventNotify!!! [handle=true] [msg=Node.NextList.Starting] [details={"focus":null,"list":[{"anchor":false,"jump_back":false,"name":"OurNotes_WaitLoading"}],"name":"OurNotes_BandSetup","task_id":200000001}] 
[2026-09-30 02:38:53.417][DBG][Px23360][Tx36286][PipelineTask.cpp][L363][MaaNS::TaskNS::PipelineTask::prepare_batch_ocr] batch OCR not needed, eligible OCR nodes < 2 [ctx.plan.entries.size()=0] 
[2026-09-30 02:38:53.417][DBG][Px23360][Tx36286][TaskBase.cpp][L61][MaaNS::TaskNS::TaskBase::run_recognition] [cur_node_=OurNotes_BandSetup] [data.name=OurNotes_WaitLoading] | enter 
[2026-09-30 02:38:53.417][INF][Px23360][Tx36286][Utils/EventDispatcher.hpp][L65][MaaNS::EventDispatcher::notify] !!!OnEventNotify!!! [handle=true] [msg=Node.Recognition.Starting] [details={"focus":null,"name":"OurNotes_WaitLoading","reco_id":400000020,"task_id":200000001}] 
[2026-09-30 02:38:53.579][DBG][Px23360][Tx36286][TemplateMatcher.cpp][L45][MaaNS::VisionNS::TemplateMatcher::analyze] OurNotes_WaitLoading [all_results_=[{"box":[280,430,198,35],"score":0.385296}]] [filtered_results_=[]] [best_result_=null] [cost=162ms] [param_.template_=["ournotes/chart_ready.png"]] [templates_.size()=1] [param_.thresholds=[0.700000]] [param_.method=5] [param_.green_mask=false] 
[2026-09-30 02:38:53.579][INF][Px23360][Tx36286][Recognizer.cpp][L103][MaaNS::TaskNS::Recognizer::recognize] reco [result={"algorithm":"TemplateMatch","box":null,"detail":{"all":[{"box":[280,430,198,35],"score":0.385296}],"best":null,"filtered":[]},"name":"OurNotes_WaitLoading","reco_id":400000020}] 
[2026-09-30 02:38:53.579][INF][Px23360][Tx36286][Utils/EventDispatcher.hpp][L65][MaaNS::EventDispatcher::notify] !!!OnEventNotify!!! [handle=true] [msg=Node.Recognition.Failed] [details={"focus":null,"name":"OurNotes_WaitLoading","reco_details":{"algorithm":"TemplateMatch","box":null,"detail":{"all":[{"box":[280,430,198,35],"score":0.385296}],"best":null,"filtered":[]},"name":"OurNotes_WaitLoading","reco_id":400000020},"reco_id":400000020,"task_id":200000001}] 
[2026-09-30 02:38:53.579][TRC][Px23360][Tx36286][TaskBase.cpp][L61][MaaNS::TaskNS::TaskBase::run_recognition] | leave, 162ms 
[2026-09-30 02:38:53.579][INF][Px23360][Tx36286][Utils/EventDispatcher.hpp][L65][MaaNS::EventDispatcher::notify] !!!OnEventNotify!!! [handle=true] [msg=Node.NextList.Failed] [details={"focus":null,"list":[{"anchor":false,"jump_back":false,"name":"OurNotes_WaitLoading"}],"name":"OurNotes_BandSetup","task_id":200000001}] 
[2026-09-30 02:38:53.579][TRC][Px23360][Tx36286][PipelineTask.cpp][L250][MaaNS::TaskNS::PipelineTask::recognize_list] | leave, 163ms 
[2026-09-30 02:38:53.579][DBG][Px23360][Tx36286][PipelineTask.cpp][L159][MaaNS::TaskNS::PipelineTask::run_next::<lambda_2>::operator ()] sleep_until [pretask.rate_limit=1000ms] 
[2026-09-30 02:38:54.417][DBG][Px23360][Tx36286][PipelineTask.cpp][L250][MaaNS::TaskNS::PipelineTask::recognize_list] [cur_node_=OurNotes_BandSetup] [list=[{"anchor":false,"jump_back":false,"name":"OurNotes_WaitLoading"}]] | enter 
[2026-09-30 02:38:54.417][INF][Px23360][Tx36286][Utils/EventDispatcher.hpp][L65][MaaNS::EventDispatcher::notify] !!!OnEventNotify!!! [handle=true] [msg=Node.NextList.Starting] [details={"focus":null,"list":[{"anchor":false,"jump_back":false,"name":"OurNotes_WaitLoading"}],"name":"OurNotes_BandSetup","task_id":200000001}] 
[2026-09-30 02:38:54.417][DBG][Px23360][Tx36286][PipelineTask.cpp][L363][MaaNS::TaskNS::PipelineTask::prepare_batch_ocr] batch OCR not needed, eligible OCR nodes < 2 [ctx.plan.entries.size()=0] 
[2026-09-30 02:38:54.417][DBG][Px23360][Tx36286][TaskBase.cpp][L61][MaaNS::TaskNS::TaskBase::run_recognition] [cur_node_=OurNotes_BandSetup] [data.name=OurNotes_WaitLoading] | enter 
[2026-09-30 02:38:54.417][INF][Px23360][Tx36286][Utils/EventDispatcher.hpp][L65][MaaNS::EventDispatcher::notify] !!!OnEventNotify!!! [handle=true] [msg=Node.Recognition.Starting] [details={"focus":null,"name":"OurNotes_WaitLoading","reco_id":400000021,"task_id":200000001}] 
[2026-09-30 02:38:54.582][DBG][Px23360][Tx36286][TemplateMatcher.cpp][L45][MaaNS::VisionNS::TemplateMatcher::analyze] OurNotes_WaitLoading [all_results_=[{"box":[273,433,198,35],"score":0.391089}]] [filtered_results_=[]] [best_result_=null] [cost=165ms] [param_.template_=["ournotes/chart_ready.png"]] [templates_.size()=1] [param_.thresholds=[0.700000]] [param_.method=5] [param_.green_mask=false] 
[2026-09-30 02:38:54.582][INF][Px23360][Tx36286][Recognizer.cpp][L103][MaaNS::TaskNS::Recognizer::recognize] reco [result={"algorithm":"TemplateMatch","box":null,"detail":{"all":[{"box":[273,433,198,35],"score":0.391089}],"best":null,"filtered":[]},"name":"OurNotes_WaitLoading","reco_id":400000021}] 
[2026-09-30 02:38:54.582][INF][Px23360][Tx36286][Utils/EventDispatcher.hpp][L65][MaaNS::EventDispatcher::notify] !!!OnEventNotify!!! [handle=true] [msg=Node.Recognition.Failed] [details={"focus":null,"name":"OurNotes_WaitLoading","reco_details":{"algorithm":"TemplateMatch","box":null,"detail":{"all":[{"box":[273,433,198,35],"score":0.391089}],"best":null,"filtered":[]},"name":"OurNotes_WaitLoading","reco_id":400000021},"reco_id":400000021,"task_id":200000001}] 
[2026-09-30 02:38:54.582][TRC][Px23360][Tx36286][TaskBase.cpp][L61][MaaNS::TaskNS::TaskBase::run_recognition] | leave, 165ms 
[2026-09-30 02:38:54.582][INF][Px23360][Tx36286][Utils/EventDispatcher.hpp][L65][MaaNS::EventDispatcher::notify] !!!OnEventNotify!!! [handle=true] [msg=Node.NextList.Failed] [details={"focus":null,"list":[{"anchor":false,"jump_back":false,"name":"OurNotes_WaitLoading"}],"name":"OurNotes_BandSetup","task_id":200000001}] 
[2026-09-30 02:38:54.583][TRC][Px23360][Tx36286][PipelineTask.cpp][L250][MaaNS::TaskNS::PipelineTask::recognize_list] | leave, 165ms 
[2026-09-30 02:38:54.583][DBG][Px23360][Tx36286][PipelineTask.cpp][L159][MaaNS::TaskNS::PipelineTask::run_next::<lambda_2>::operator ()] sleep_until [pretask.rate_limit=1000ms] 
[2026-09-30 02:38:55.420][DBG][Px23360][Tx36286][PipelineTask.cpp][L250][MaaNS::TaskNS::PipelineTask::recognize_list] [cur_node_=OurNotes_BandSetup] [list=[{"anchor":false,"jump_back":false,"name":"OurNotes_WaitLoading"}]] | enter 
[2026-09-30 02:38:55.420][INF][Px23360][Tx36286][Utils/EventDispatcher.hpp][L65][MaaNS::EventDispatcher::notify] !!!OnEventNotify!!! [handle=true] [msg=Node.NextList.Starting] [details={"focus":null,"list":[{"anchor":false,"jump_back":false,"name":"OurNotes_WaitLoading"}],"name":"OurNotes_BandSetup","task_id":200000001}] 
[2026-09-30 02:38:55.420][DBG][Px23360][Tx36286][PipelineTask.cpp][L363][MaaNS::TaskNS::PipelineTask::prepare_batch_ocr] batch OCR not needed, eligible OCR nodes < 2 [ctx.plan.entries.size()=0] 
[2026-09-30 02:38:55.420][DBG][Px23360][Tx36286][TaskBase.cpp][L61][MaaNS::TaskNS::TaskBase::run_recognition] [cur_node_=OurNotes_BandSetup] [data.name=OurNotes_WaitLoading] | enter 
[2026-09-30 02:38:55.420][INF][Px23360][Tx36286][Utils/EventDispatcher.hpp][L65][MaaNS::EventDispatcher::notify] !!!OnEventNotify!!! [handle=true] [msg=Node.Recognition.Starting] [details={"focus":null,"name":"OurNotes_WaitLoading","reco_id":400000022,"task_id":200000001}] 
[2026-09-30 02:38:55.584][DBG][Px23360][Tx36286][TemplateMatcher.cpp][L45][MaaNS::VisionNS::TemplateMatcher::analyze] OurNotes_WaitLoading [all_results_=[{"box":[0,510,198,35],"score":0.311827}]] [filtered_results_=[]] [best_result_=null] [cost=164ms] [param_.template_=["ournotes/chart_ready.png"]] [templates_.size()=1] [param_.thresholds=[0.700000]] [param_.method=5] [param_.green_mask=false] 
[2026-09-30 02:38:55.584][INF][Px23360][Tx36286][Recognizer.cpp][L103][MaaNS::TaskNS::Recognizer::recognize] reco [result={"algorithm":"TemplateMatch","box":null,"detail":{"all":[{"box":[0,510,198,35],"score":0.311827}],"best":null,"filtered":[]},"name":"OurNotes_WaitLoading","reco_id":400000022}] 
[2026-09-30 02:38:55.584][INF][Px23360][Tx36286][Utils/EventDispatcher.hpp][L65][MaaNS::EventDispatcher::notify] !!!OnEventNotify!!! [handle=true] [msg=Node.Recognition.Failed] [details={"focus":null,"name":"OurNotes_WaitLoading","reco_details":{"algorithm":"TemplateMatch","box":null,"detail":{"all":[{"box":[0,510,198,35],"score":0.311827}],"best":null,"filtered":[]},"name":"OurNotes_WaitLoading","reco_id":400000022},"reco_id":400000022,"task_id":200000001}] 
[2026-09-30 02:38:55.584][TRC][Px23360][Tx36286][TaskBase.cpp][L61][MaaNS::TaskNS::TaskBase::run_recognition] | leave, 164ms 
[2026-09-30 02:38:55.584][INF][Px23360][Tx36286][Utils/EventDispatcher.hpp][L65][MaaNS::EventDispatcher::notify] !!!OnEventNotify!!! [handle=true] [msg=Node.NextList.Failed] [details={"focus":null,"list":[{"anchor":false,"jump_back":false,"name":"OurNotes_WaitLoading"}],"name":"OurNotes_BandSetup","task_id":200000001}] 
[2026-09-30 02:38:55.584][TRC][Px23360][Tx36286][PipelineTask.cpp][L250][MaaNS::TaskNS::PipelineTask::recognize_list] | leave, 164ms 
[2026-09-30 02:38:55.584][DBG][Px23360][Tx36286][PipelineTask.cpp][L159][MaaNS::TaskNS::PipelineTask::run_next::<lambda_2>::operator ()] sleep_until [pretask.rate_limit=1000ms] 
[2026-09-30 02:38:56.421][DBG][Px23360][Tx36286][PipelineTask.cpp][L250][MaaNS::TaskNS::PipelineTask::recognize_list] [cur_node_=OurNotes_BandSetup] [list=[{"anchor":false,"jump_back":false,"name":"OurNotes_WaitLoading"}]] | enter 
[2026-09-30 02:38:56.421][INF][Px23360][Tx36286][Utils/EventDispatcher.hpp][L65][MaaNS::EventDispatcher::notify] !!!OnEventNotify!!! [handle=true] [msg=Node.NextList.Starting] [details={"focus":null,"list":[{"anchor":false,"jump_back":false,"name":"OurNotes_WaitLoading"}],"name":"OurNotes_BandSetup","task_id":200000001}] 
[2026-09-30 02:38:56.421][DBG][Px23360][Tx36286][PipelineTask.cpp][L363][MaaNS::TaskNS::PipelineTask::prepare_batch_ocr] batch OCR not needed, eligible OCR nodes < 2 [ctx.plan.entries.size()=0] 
[2026-09-30 02:38:56.421][DBG][Px23360][Tx36286][TaskBase.cpp][L61][MaaNS::TaskNS::TaskBase::run_recognition] [cur_node_=OurNotes_BandSetup] [data.name=OurNotes_WaitLoading] | enter 
[2026-09-30 02:38:56.421][INF][Px23360][Tx36286][Utils/EventDispatcher.hpp][L65][MaaNS::EventDispatcher::notify] !!!OnEventNotify!!! [handle=true] [msg=Node.Recognition.Starting] [details={"focus":null,"name":"OurNotes_WaitLoading","reco_id":400000023,"task_id":200000001}] 
[2026-09-30 02:38:56.586][DBG][Px23360][Tx36286][TemplateMatcher.cpp][L45][MaaNS::VisionNS::TemplateMatcher::analyze] OurNotes_WaitLoading [all_results_=[{"box":[665,517,198,35],"score":0.380871}]] [filtered_results_=[]] [best_result_=null] [cost=166ms] [param_.template_=["ournotes/chart_ready.png"]] [templates_.size()=1] [param_.thresholds=[0.700000]] [param_.method=5] [param_.green_mask=false] 
[2026-09-30 02:38:56.587][INF][Px23360][Tx36286][Recognizer.cpp][L103][MaaNS::TaskNS::Recognizer::recognize] reco [result={"algorithm":"TemplateMatch","box":null,"detail":{"all":[{"box":[665,517,198,35],"score":0.380871}],"best":null,"filtered":[]},"name":"OurNotes_WaitLoading","reco_id":400000023}] 
[2026-09-30 02:38:56.587][INF][Px23360][Tx36286][Utils/EventDispatcher.hpp][L65][MaaNS::EventDispatcher::notify] !!!OnEventNotify!!! [handle=true] [msg=Node.Recognition.Failed] [details={"focus":null,"name":"OurNotes_WaitLoading","reco_details":{"algorithm":"TemplateMatch","box":null,"detail":{"all":[{"box":[665,517,198,35],"score":0.380871}],"best":null,"filtered":[]},"name":"OurNotes_WaitLoading","reco_id":400000023},"reco_id":400000023,"task_id":200000001}] 
[2026-09-30 02:38:56.587][TRC][Px23360][Tx36286][TaskBase.cpp][L61][MaaNS::TaskNS::TaskBase::run_recognition] | leave, 166ms 
[2026-09-30 02:38:56.587][INF][Px23360][Tx36286][Utils/EventDispatcher.hpp][L65][MaaNS::EventDispatcher::notify] !!!OnEventNotify!!! [handle=true] [msg=Node.NextList.Failed] [details={"focus":null,"list":[{"anchor":false,"jump_back":false,"name":"OurNotes_WaitLoading"}],"name":"OurNotes_BandSetup","task_id":200000001}] 
[2026-09-30 02:38:56.587][TRC][Px23360][Tx36286][PipelineTask.cpp][L250][MaaNS::TaskNS::PipelineTask::recognize_list] | leave, 166ms 
[2026-09-30 02:38:56.587][DBG][Px23360][Tx36286][PipelineTask.cpp][L159][MaaNS::TaskNS::PipelineTask::run_next::<lambda_2>::operator ()] sleep_until [pretask.rate_limit=1000ms] 
[2026-09-30 02:38:57.424][DBG][Px23360][Tx36286][PipelineTask.cpp][L250][MaaNS::TaskNS::PipelineTask::recognize_list] [cur_node_=OurNotes_BandSetup] [list=[{"anchor":false,"jump_back":false,"name":"OurNotes_WaitLoading"}]] | enter 
[2026-09-30 02:38:57.424][INF][Px23360][Tx36286][Utils/EventDispatcher.hpp][L65][MaaNS::EventDispatcher::notify] !!!OnEventNotify!!! [handle=true] [msg=Node.NextList.Starting] [details={"focus":null,"list":[{"anchor":false,"jump_back":false,"name":"OurNotes_WaitLoading"}],"name":"OurNotes_BandSetup","task_id":200000001}] 
[2026-09-30 02:38:57.424][DBG][Px23360][Tx36286][PipelineTask.cpp][L363][MaaNS::TaskNS::PipelineTask::prepare_batch_ocr] batch OCR not needed, eligible OCR nodes < 2 [ctx.plan.entries.size()=0] 
[2026-09-30 02:38:57.424][DBG][Px23360][Tx36286][TaskBase.cpp][L61][MaaNS::TaskNS::TaskBase::run_recognition] [cur_node_=OurNotes_BandSetup] [data.name=OurNotes_WaitLoading] | enter 
[2026-09-30 02:38:57.424][INF][Px23360][Tx36286][Utils/EventDispatcher.hpp][L65][MaaNS::EventDispatcher::notify] !!!OnEventNotify!!! [handle=true] [msg=Node.Recognition.Starting] [details={"focus":null,"name":"OurNotes_WaitLoading","reco_id":400000024,"task_id":200000001}] 
[2026-09-30 02:38:57.588][DBG][Px23360][Tx36286][TemplateMatcher.cpp][L45][MaaNS::VisionNS::TemplateMatcher::analyze] OurNotes_WaitLoading [all_results_=[{"box":[1009,20,198,35],"score":0.994923}]] [filtered_results_=[{"box":[1009,20,198,35],"score":0.994923}]] [best_result_={"box":[1009,20,198,35],"score":0.994923}] [cost=163ms] [param_.template_=["ournotes/chart_ready.png"]] [templates_.size()=1] [param_.thresholds=[0.700000]] [param_.method=5] [param_.green_mask=false] 
[2026-09-30 02:38:57.588][INF][Px23360][Tx36286][Recognizer.cpp][L103][MaaNS::TaskNS::Recognizer::recognize] reco [result={"algorithm":"TemplateMatch","box":[1009,20,198,35],"detail":{"all":[{"box":[1009,20,198,35],"score":0.994923}],"best":{"box":[1009,20,198,35],"score":0.994923},"filtered":[{"box":[1009,20,198,35],"score":0.994923}]},"name":"OurNotes_WaitLoading","reco_id":400000024}] 
[2026-09-30 02:38:57.588][INF][Px23360][Tx36286][Utils/EventDispatcher.hpp][L65][MaaNS::EventDispatcher::notify] !!!OnEventNotify!!! [handle=true] [msg=Node.Recognition.Succeeded] [details={"focus":null,"name":"OurNotes_WaitLoading","reco_details":{"algorithm":"TemplateMatch","box":[1009,20,198,35],"detail":{"all":[{"box":[1009,20,198,35],"score":0.994923}],"best":{"box":[1009,20,198,35],"score":0.994923},"filtered":[{"box":[1009,20,198,35],"score":0.994923}]},"name":"OurNotes_WaitLoading","reco_id":400000024},"reco_id":400000024,"task_id":200000001}] 
[2026-09-30 02:38:57.588][TRC][Px23360][Tx36286][TaskBase.cpp][L61][MaaNS::TaskNS::TaskBase::run_recognition] | leave, 164ms 
[2026-09-30 02:38:57.588][INF][Px23360][Tx36286][PipelineTask.cpp][L312][MaaNS::TaskNS::PipelineTask::recognize_list] reco hit [result.name=OurNotes_WaitLoading] [result.box=[1009,20,198,35]] 
[2026-09-30 02:38:57.588][INF][Px23360][Tx36286][Utils/EventDispatcher.hpp][L65][MaaNS::EventDispatcher::notify] !!!OnEventNotify!!! [handle=true] [msg=Node.NextList.Succeeded] [details={"focus":null,"list":[{"anchor":false,"jump_back":false,"name":"OurNotes_WaitLoading"}],"name":"OurNotes_BandSetup","task_id":200000001}] 
[2026-09-30 02:38:57.588][TRC][Px23360][Tx36286][PipelineTask.cpp][L250][MaaNS::TaskNS::PipelineTask::recognize_list] | leave, 164ms 
[2026-09-30 02:38:57.588][DBG][Px23360][Tx36286][TaskBase.cpp][L215][MaaNS::TaskNS::TaskBase::sleep] 200ms 
[2026-09-30 02:38:57.790][INF][Px23360][Tx36286][Utils/EventDispatcher.hpp][L65][MaaNS::EventDispatcher::notify] !!!OnEventNotify!!! [handle=true] [msg=Node.Action.Starting] [details={"action_id":500000009,"focus":null,"name":"OurNotes_WaitLoading","task_id":200000001}] 
[2026-09-30 02:38:57.790][TRC][Px23360][Tx36286][Actuator.cpp][L27][MaaNS::TaskNS::Actuator::run] [pipeline_data.name=OurNotes_WaitLoading] 
[2026-09-30 02:38:57.790][INF][Px23360][Tx36286][TaskBase.cpp][L137][MaaNS::TaskNS::TaskBase::run_action] action [i=0] [data.repeat=1] [result={"action":"DoNothing","action_id":500000009,"box":[0,0,0,0],"detail":{},"name":"OurNotes_WaitLoading","success":true}] 
[2026-09-30 02:38:57.790][INF][Px23360][Tx36286][Utils/EventDispatcher.hpp][L65][MaaNS::EventDispatcher::notify] !!!OnEventNotify!!! [handle=true] [msg=Node.Action.Succeeded] [details={"action_details":{"action":"DoNothing","action_id":500000009,"box":[0,0,0,0],"detail":{},"name":"OurNotes_WaitLoading","success":true},"action_id":500000009,"focus":null,"name":"OurNotes_WaitLoading","task_id":200000001}] 
[2026-09-30 02:38:57.790][DBG][Px23360][Tx36286][TaskBase.cpp][L215][MaaNS::TaskNS::TaskBase::sleep] 200ms 
[2026-09-30 02:38:57.990][INF][Px23360][Tx36286][PipelineTask.cpp][L224][MaaNS::TaskNS::PipelineTask::run_next] PipelineTask node done [result={"action_id":500000009,"completed":true,"name":"OurNotes_WaitLoading","node_id":300000010,"reco_id":400000024}] [task_id_=200000001] 
[2026-09-30 02:38:57.990][INF][Px23360][Tx36286][Utils/EventDispatcher.hpp][L65][MaaNS::EventDispatcher::notify] !!!OnEventNotify!!! [handle=true] [msg=Node.PipelineNode.Succeeded] [details={"action_details":{"action":"DoNothing","action_id":500000009,"box":[0,0,0,0],"detail":{},"name":"OurNotes_WaitLoading","success":true},"focus":null,"name":"OurNotes_BandSetup","node_details":{"action_id":500000009,"completed":true,"name":"OurNotes_WaitLoading","node_id":300000010,"reco_id":400000024},"node_id":300000010,"reco_details":{"algorithm":"TemplateMatch","box":[1009,20,198,35],"detail":{"all":[{"box":[1009,20,198,35],"score":0.994923}],"best":{"box":[1009,20,198,35],"score":0.994923},"filtered":[{"box":[1009,20,198,35],"score":0.994923}]},"name":"OurNotes_WaitLoading","reco_id":400000024},"task_id":200000001}] 
[2026-09-30 02:38:57.990][INF][Px23360][Tx36286][Utils/EventDispatcher.hpp][L65][MaaNS::EventDispatcher::notify] !!!OnEventNotify!!! [handle=true] [msg=Node.PipelineNode.Starting] [details={"focus":null,"name":"OurNotes_WaitLoading","node_id":300000011,"task_id":200000001}] 
[2026-09-30 02:38:58.000][DBG][Px23360][Tx36286][PipelineTask.cpp][L250][MaaNS::TaskNS::PipelineTask::recognize_list] [cur_node_=OurNotes_WaitLoading] [list=[{"anchor":false,"jump_back":false,"name":"OurNotes_PlayChart"}]] | enter 
[2026-09-30 02:38:58.000][INF][Px23360][Tx36286][Utils/EventDispatcher.hpp][L65][MaaNS::EventDispatcher::notify] !!!OnEventNotify!!! [handle=true] [msg=Node.NextList.Starting] [details={"focus":null,"list":[{"anchor":false,"jump_back":false,"name":"OurNotes_PlayChart"}],"name":"OurNotes_WaitLoading","task_id":200000001}] 
[2026-09-30 02:38:58.000][DBG][Px23360][Tx36286][PipelineTask.cpp][L363][MaaNS::TaskNS::PipelineTask::prepare_batch_ocr] batch OCR not needed, eligible OCR nodes < 2 [ctx.plan.entries.size()=0] 
[2026-09-30 02:38:58.000][DBG][Px23360][Tx36286][TaskBase.cpp][L61][MaaNS::TaskNS::TaskBase::run_recognition] [cur_node_=OurNotes_WaitLoading] [data.name=OurNotes_PlayChart] | enter 
[2026-09-30 02:38:58.000][INF][Px23360][Tx36286][Utils/EventDispatcher.hpp][L65][MaaNS::EventDispatcher::notify] !!!OnEventNotify!!! [handle=true] [msg=Node.Recognition.Starting] [details={"focus":null,"name":"OurNotes_PlayChart","reco_id":400000025,"task_id":200000001}] 
[2026-09-30 02:38:58.000][DBG][Px23360][Tx36286][Recognizer.cpp][L136][MaaNS::TaskNS::Recognizer::direct_hit] OurNotes_PlayChart 
[2026-09-30 02:38:58.001][INF][Px23360][Tx36286][Recognizer.cpp][L103][MaaNS::TaskNS::Recognizer::recognize] reco [result={"algorithm":"DirectHit","box":[0,0,1280,720],"detail":null,"name":"OurNotes_PlayChart","reco_id":400000025}] 
[2026-09-30 02:38:58.001][INF][Px23360][Tx36286][Utils/EventDispatcher.hpp][L65][MaaNS::EventDispatcher::notify] !!!OnEventNotify!!! [handle=true] [msg=Node.Recognition.Succeeded] [details={"focus":null,"name":"OurNotes_PlayChart","reco_details":{"algorithm":"DirectHit","box":[0,0,1280,720],"detail":null,"name":"OurNotes_PlayChart","reco_id":400000025},"reco_id":400000025,"task_id":200000001}] 
[2026-09-30 02:38:58.001][TRC][Px23360][Tx36286][TaskBase.cpp][L61][MaaNS::TaskNS::TaskBase::run_recognition] | leave, 0ms 
[2026-09-30 02:38:58.001][INF][Px23360][Tx36286][PipelineTask.cpp][L312][MaaNS::TaskNS::PipelineTask::recognize_list] reco hit [result.name=OurNotes_PlayChart] [result.box=[0,0,1280,720]] 
[2026-09-30 02:38:58.001][INF][Px23360][Tx36286][Utils/EventDispatcher.hpp][L65][MaaNS::EventDispatcher::notify] !!!OnEventNotify!!! [handle=true] [msg=Node.NextList.Succeeded] [details={"focus":null,"list":[{"anchor":false,"jump_back":false,"name":"OurNotes_PlayChart"}],"name":"OurNotes_WaitLoading","task_id":200000001}] 
[2026-09-30 02:38:58.001][TRC][Px23360][Tx36286][PipelineTask.cpp][L250][MaaNS::TaskNS::PipelineTask::recognize_list] | leave, 0ms 
[2026-09-30 02:38:58.001][DBG][Px23360][Tx36286][TaskBase.cpp][L215][MaaNS::TaskNS::TaskBase::sleep] 200ms 
[2026-09-30 02:38:58.201][INF][Px23360][Tx36286][Utils/EventDispatcher.hpp][L65][MaaNS::EventDispatcher::notify] !!!OnEventNotify!!! [handle=true] [msg=Node.Action.Starting] [details={"action_id":500000010,"focus":null,"name":"OurNotes_PlayChart","task_id":200000001}] 
[2026-09-30 02:38:58.201][TRC][Px23360][Tx36286][Actuator.cpp][L27][MaaNS::TaskNS::Actuator::run] [pipeline_data.name=OurNotes_PlayChart] 
[2026-09-30 02:38:58.201][DBG][Px23360][Tx36286][CustomAction.cpp][L15][MaaNS::TaskNS::CustomAction::run] [context.task_id()=200000001] [node_name=OurNotes_PlayChart] [session.action=true] [session.trans_arg=true] [param.name=Play] [param.custom_param=null] [reco_id=400000025] [rect=[0,0,1280,720]] | enter 
[2026-09-30 02:38:58.202][DBG][Px23360][Tx36286][CustomAction.cpp][L36][MaaNS::TaskNS::CustomAction::run] [node_name=OurNotes_PlayChart] [param.name=Play] [session.action=true] [session.trans_arg=true] [ret=true] 
[2026-09-30 02:38:58.202][TRC][Px23360][Tx36286][CustomAction.cpp][L15][MaaNS::TaskNS::CustomAction::run] | leave, 0ms 
[2026-09-30 02:38:58.202][INF][Px23360][Tx36286][TaskBase.cpp][L137][MaaNS::TaskNS::TaskBase::run_action] action [i=0] [data.repeat=1] [result={"action":"Custom","action_id":500000010,"box":[0,0,1280,720],"detail":{},"name":"OurNotes_PlayChart","success":true}] 
[2026-09-30 02:38:58.202][INF][Px23360][Tx36286][Utils/EventDispatcher.hpp][L65][MaaNS::EventDispatcher::notify] !!!OnEventNotify!!! [handle=true] [msg=Node.Action.Succeeded] [details={"action_details":{"action":"Custom","action_id":500000010,"box":[0,0,1280,720],"detail":{},"name":"OurNotes_PlayChart","success":true},"action_id":500000010,"focus":null,"name":"OurNotes_PlayChart","task_id":200000001}] 
[2026-09-30 02:38:58.202][DBG][Px23360][Tx36286][TaskBase.cpp][L215][MaaNS::TaskNS::TaskBase::sleep] 200ms 
[2026-09-30 02:38:58.404][INF][Px23360][Tx36286][PipelineTask.cpp][L224][MaaNS::TaskNS::PipelineTask::run_next] PipelineTask node done [result={"action_id":500000010,"completed":true,"name":"OurNotes_PlayChart","node_id":300000011,"reco_id":400000025}] [task_id_=200000001] 
[2026-09-30 02:38:58.404][INF][Px23360][Tx36286][Utils/EventDispatcher.hpp][L65][MaaNS::EventDispatcher::notify] !!!OnEventNotify!!! [handle=true] [msg=Node.PipelineNode.Succeeded] [details={"action_details":{"action":"Custom","action_id":500000010,"box":[0,0,1280,720],"detail":{},"name":"OurNotes_PlayChart","success":true},"focus":null,"name":"OurNotes_WaitLoading","node_details":{"action_id":500000010,"completed":true,"name":"OurNotes_PlayChart","node_id":300000011,"reco_id":400000025},"node_id":300000011,"reco_details":{"algorithm":"DirectHit","box":[0,0,1280,720],"detail":null,"name":"OurNotes_PlayChart","reco_id":400000025},"task_id":200000001}] 
[2026-09-30 02:38:58.404][INF][Px23360][Tx36286][Utils/EventDispatcher.hpp][L65][MaaNS::EventDispatcher::notify] !!!OnEventNotify!!! [handle=true] [msg=Node.PipelineNode.Starting] [details={"focus":null,"name":"OurNotes_PlayChart","node_id":300000012,"task_id":200000001}] 
[2026-09-30 02:38:58.409][DBG][Px23360][Tx36286][PipelineTask.cpp][L250][MaaNS::TaskNS::PipelineTask::recognize_list] [cur_node_=OurNotes_PlayChart] [list=[{"anchor":false,"jump_back":false,"name":"OurNotes_SettleOverview"}]] | enter 
[2026-09-30 02:38:58.409][INF][Px23360][Tx36286][Utils/EventDispatcher.hpp][L65][MaaNS::EventDispatcher::notify] !!!OnEventNotify!!! [handle=true] [msg=Node.NextList.Starting] [details={"focus":null,"list":[{"anchor":false,"jump_back":false,"name":"OurNotes_SettleOverview"}],"name":"OurNotes_PlayChart","task_id":200000001}] 
[2026-09-30 02:38:58.409][DBG][Px23360][Tx36286][PipelineTask.cpp][L363][MaaNS::TaskNS::PipelineTask::prepare_batch_ocr] batch OCR not needed, eligible OCR nodes < 2 [ctx.plan.entries.size()=0] 
[2026-09-30 02:38:58.409][DBG][Px23360][Tx36286][TaskBase.cpp][L61][MaaNS::TaskNS::TaskBase::run_recognition] [cur_node_=OurNotes_PlayChart] [data.name=OurNotes_SettleOverview] | enter 
[2026-09-30 02:38:58.409][INF][Px23360][Tx36286][Utils/EventDispatcher.hpp][L65][MaaNS::EventDispatcher::notify] !!!OnEventNotify!!! [handle=true] [msg=Node.Recognition.Starting] [details={"focus":null,"name":"OurNotes_SettleOverview","reco_id":400000026,"task_id":200000001}] 
[2026-09-30 02:38:58.409][DBG][Px23360][Tx36286][TemplateResMgr.cpp][L65][MaaNS::ResourceNS::TemplateResMgr::load] [name=ournotes/settle_overview.png] [roots_=["","assets/resource/image"]] | enter 
[2026-09-30 02:38:58.409][DBG][Px23360][Tx36286][TemplateResMgr.cpp][L90][MaaNS::ResourceNS::TemplateResMgr::load] [path=assets/resource/image/ournotes/settle_overview.png] 
[2026-09-30 02:38:58.409][DBG][Px23360][Tx36286][TemplateResMgr.cpp][L72][MaaNS::ResourceNS::TemplateResMgr::load::<lambda_1>::operator ()] [path=assets/resource/image/ournotes/settle_overview.png] 
[2026-09-30 02:38:58.412][TRC][Px23360][Tx36286][TemplateResMgr.cpp][L65][MaaNS::ResourceNS::TemplateResMgr::load] | leave, 2ms 
[2026-09-30 02:38:58.497][DBG][Px23360][Tx36286][TemplateMatcher.cpp][L45][MaaNS::VisionNS::TemplateMatcher::analyze] OurNotes_SettleOverview [all_results_=[{"box":[30,533,677,123],"score":0.159194}]] [filtered_results_=[]] [best_result_=null] [cost=84ms] [param_.template_=["ournotes/settle_overview.png"]] [templates_.size()=1] [param_.thresholds=[0.700000]] [param_.method=5] [param_.green_mask=false] 
[2026-09-30 02:38:58.497][INF][Px23360][Tx36286][Recognizer.cpp][L103][MaaNS::TaskNS::Recognizer::recognize] reco [result={"algorithm":"TemplateMatch","box":null,"detail":{"all":[{"box":[30,533,677,123],"score":0.159194}],"best":null,"filtered":[]},"name":"OurNotes_SettleOverview","reco_id":400000026}] 
[2026-09-30 02:38:58.497][INF][Px23360][Tx36286][Utils/EventDispatcher.hpp][L65][MaaNS::EventDispatcher::notify] !!!OnEventNotify!!! [handle=true] [msg=Node.Recognition.Failed] [details={"focus":null,"name":"OurNotes_SettleOverview","reco_details":{"algorithm":"TemplateMatch","box":null,"detail":{"all":[{"box":[30,533,677,123],"score":0.159194}],"best":null,"filtered":[]},"name":"OurNotes_SettleOverview","reco_id":400000026},"reco_id":400000026,"task_id":200000001}] 
[2026-09-30 02:38:58.497][TRC][Px23360][Tx36286][TaskBase.cpp][L61][MaaNS::TaskNS::TaskBase::run_recognition] | leave, 86ms 
[2026-09-30 02:38:58.497][INF][Px23360][Tx36286][Utils/EventDispatcher.hpp][L65][MaaNS::EventDispatcher::notify] !!!OnEventNotify!!! [handle=true] [msg=Node.NextList.Failed] [details={"focus":null,"list":[{"anchor":false,"jump_back":false,"name":"OurNotes_SettleOverview"}],"name":"OurNotes_PlayChart","task_id":200000001}] 
[2026-09-30 02:38:58.497][TRC][Px23360][Tx36286][PipelineTask.cpp][L250][MaaNS::TaskNS::PipelineTask::recognize_list] | leave, 87ms 
[2026-09-30 02:38:58.497][DBG][Px23360][Tx36286][PipelineTask.cpp][L159][MaaNS::TaskNS::PipelineTask::run_next::<lambda_2>::operator ()] sleep_until [pretask.rate_limit=1000ms] 
[2026-09-30 02:38:58.887][DBG][Px23360][Tx8132][Logger] ----------------------------- 
[2026-09-30 02:38:58.887][DBG][Px23360][Tx8132][Logger] Close log 
[2026-09-30 02:38:58.887][DBG][Px23360][Tx8132][Logger] ----------------------------- 
